WARNING 2026-08-28 12:58:05 log 4140 1468 Bad Request: /api/sales/
WARNING 2026-08-28 12:59:05 log 7084 16656 Bad Request: /api/sales/
WARNING 2026-08-28 13:42:47 log 20640 9296 Bad Request: /api/sales/
INFO 2026-08-31 22:43:24 autoreload 6988 8860 Watching for file changes with StatReloader
INFO 2026-08-31 22:45:55 autoreload 6988 8860 C:\Users\PC\Desktop\InventoryTrackingSystem\config\settings.py changed, reloading.
INFO 2026-08-31 22:46:01 autoreload 11132 15824 Watching for file changes with StatReloader
INFO 2026-08-31 22:47:08 log 11132 4840 "OPTIONS /api/reports/dashboard/ HTTP/1.1" 200 0
INFO 2026-08-31 22:47:08 log 11132 12516 "OPTIONS /api/alerts/notifications/unread-count/ HTTP/1.1" 200 0
INFO 2026-08-31 22:47:08 log 11132 7492 "OPTIONS /api/alerts/notifications/unread-count/ HTTP/1.1" 200 0
INFO 2026-08-31 22:47:08 log 11132 17400 "OPTIONS /api/reports/sales/ HTTP/1.1" 200 0
INFO 2026-08-31 22:47:08 log 11132 12516 "OPTIONS /api/alerts/notifications/unread-count/ HTTP/1.1" 200 0
INFO 2026-08-31 22:47:08 log 11132 4840 "OPTIONS /api/reports/sales/ HTTP/1.1" 200 0
INFO 2026-08-31 22:47:08 log 11132 2716 "OPTIONS /api/reports/dashboard/ HTTP/1.1" 200 0
INFO 2026-08-31 22:47:08 log 11132 16336 "OPTIONS /api/alerts/notifications/unread-count/ HTTP/1.1" 200 0
WARNING 2026-08-31 22:47:09 log 11132 7492 Unauthorized: /api/reports/dashboard/
WARNING 2026-08-31 22:47:09 log 11132 17400 Unauthorized: /api/reports/sales/
WARNING 2026-08-31 22:47:09 log 11132 12516 Unauthorized: /api/alerts/notifications/unread-count/
WARNING 2026-08-31 22:47:09 log 11132 7492 "GET /api/reports/dashboard/ HTTP/1.1" 401 183
WARNING 2026-08-31 22:47:09 log 11132 17400 "GET /api/reports/sales/ HTTP/1.1" 401 183
WARNING 2026-08-31 22:47:09 log 11132 12516 "GET /api/alerts/notifications/unread-count/ HTTP/1.1" 401 183
WARNING 2026-08-31 22:47:09 log 11132 12516 Unauthorized: /api/alerts/notifications/unread-count/
WARNING 2026-08-31 22:47:09 log 11132 17400 Unauthorized: /api/reports/sales/
WARNING 2026-08-31 22:47:09 log 11132 7492 Unauthorized: /api/reports/dashboard/
WARNING 2026-08-31 22:47:09 log 11132 12516 "GET /api/alerts/notifications/unread-count/ HTTP/1.1" 401 183
WARNING 2026-08-31 22:47:09 log 11132 17400 "GET /api/reports/sales/ HTTP/1.1" 401 183
WARNING 2026-08-31 22:47:09 log 11132 7492 "GET /api/reports/dashboard/ HTTP/1.1" 401 183
WARNING 2026-08-31 22:47:09 log 11132 7492 Unauthorized: /api/alerts/notifications/unread-count/
WARNING 2026-08-31 22:47:09 log 11132 7492 "GET /api/alerts/notifications/unread-count/ HTTP/1.1" 401 183
WARNING 2026-08-31 22:47:09 log 11132 7492 Unauthorized: /api/alerts/notifications/unread-count/
WARNING 2026-08-31 22:47:09 log 11132 7492 "GET /api/alerts/notifications/unread-count/ HTTP/1.1" 401 183
INFO 2026-08-31 22:47:21 log 11132 7492 "OPTIONS /api/auth/login/ HTTP/1.1" 200 0
WARNING 2026-08-31 22:47:23 log 11132 7492 Unauthorized: /api/auth/login/
WARNING 2026-08-31 22:47:23 log 11132 7492 "POST /api/auth/login/ HTTP/1.1" 401 63
INFO 2026-08-31 22:48:25 log 11132 16828 "OPTIONS /api/auth/login/ HTTP/1.1" 200 0
WARNING 2026-08-31 22:48:27 log 11132 16828 Unauthorized: /api/auth/login/
WARNING 2026-08-31 22:48:27 log 11132 16828 "POST /api/auth/login/ HTTP/1.1" 401 63
WARNING 2026-08-31 22:49:18 log 11132 6196 Not Found: /admin
WARNING 2026-08-31 22:49:18 log 11132 6196 "GET /admin HTTP/1.1" 404 2974
WARNING 2026-08-31 22:49:18 log 11132 6196 Not Found: /favicon.ico
WARNING 2026-08-31 22:49:18 log 11132 6196 "GET /favicon.ico HTTP/1.1" 404 2992
INFO 2026-08-31 22:49:28 log 11132 6196 "GET /system-admin HTTP/1.1" 301 0
INFO 2026-08-31 22:49:28 log 11132 6196 "GET /system-admin/ HTTP/1.1" 302 0
INFO 2026-08-31 22:49:29 log 11132 6196 "GET /system-admin/login/?next=/system-admin/ HTTP/1.1" 200 7181
INFO 2026-08-31 22:49:30 log 11132 6196 "GET /static/unfold/fonts/inter/styles.css HTTP/1.1" 200 608
INFO 2026-08-31 22:49:30 log 11132 2672 "GET /static/unfold/fonts/material-symbols/styles.css HTTP/1.1" 200 164
INFO 2026-08-31 22:49:30 log 11132 15072 "GET /static/unfold/css/simplebar/simplebar.css HTTP/1.1" 200 4647
INFO 2026-08-31 22:49:30 log 11132 16524 "GET /static/unfold/css/styles.css HTTP/1.1" 200 307916
INFO 2026-08-31 22:49:30 log 11132 6196 "GET /static/unfold/js/app.js HTTP/1.1" 200 29021
INFO 2026-08-31 22:49:30 log 11132 7344 "GET /static/unfold/js/htmx/htmx.js HTTP/1.1" 200 50918
INFO 2026-08-31 22:49:30 log 11132 2672 "GET /static/unfold/js/simplebar/simplebar.js HTTP/1.1" 200 27176
INFO 2026-08-31 22:49:30 log 11132 9436 "GET /static/unfold/js/chart/chart.js HTTP/1.1" 200 200633
INFO 2026-08-31 22:49:30 log 11132 2672 "GET /static/unfold/js/alpine/alpine.anchor.js HTTP/1.1" 200 15524
INFO 2026-08-31 22:49:30 log 11132 6196 "GET /static/unfold/js/alpine/alpine.resize.js HTTP/1.1" 200 703
INFO 2026-08-31 22:49:30 log 11132 9436 "GET /static/unfold/js/alpine/alpine.persist.js HTTP/1.1" 200 837
INFO 2026-08-31 22:49:30 log 11132 7344 "GET /static/unfold/js/alpine/alpine.sort.js HTTP/1.1" 200 38101
INFO 2026-08-31 22:49:30 log 11132 16524 "GET /static/unfold/js/alpine/alpine.js HTTP/1.1" 200 44758
INFO 2026-08-31 22:49:30 log 11132 9436 "GET /static/unfold/fonts/material-symbols/Material-Symbols-Outlined.woff2 HTTP/1.1" 200 291696
INFO 2026-08-31 22:49:30 log 11132 16524 "GET /static/unfold/fonts/inter/Inter-SemiBold.woff2 HTTP/1.1" 200 114812
INFO 2026-08-31 22:49:30 log 11132 7344 "GET /static/unfold/fonts/inter/Inter-Medium.woff2 HTTP/1.1" 200 114348
INFO 2026-08-31 22:49:30 log 11132 6196 "GET /static/unfold/fonts/inter/Inter-Regular.woff2 HTTP/1.1" 200 111268
INFO 2026-08-31 22:49:39 log 11132 6196 "POST /system-admin/login/?next=/system-admin/ HTTP/1.1" 200 8019
INFO 2026-08-31 22:49:47 log 11132 6196 "POST /system-admin/login/?next=/system-admin/ HTTP/1.1" 200 8022
INFO 2026-08-31 22:49:52 log 11132 6196 "POST /system-admin/login/?next=/system-admin/ HTTP/1.1" 200 8019
INFO 2026-08-31 22:50:41 log 11132 16828 "OPTIONS /api/auth/register/ HTTP/1.1" 200 0
WARNING 2026-08-31 22:50:41 log 11132 16828 Bad Request: /api/auth/register/
WARNING 2026-08-31 22:50:41 log 11132 16828 "POST /api/auth/register/ HTTP/1.1" 400 46
INFO 2026-08-31 22:50:52 log 11132 16828 "POST /api/auth/register/ HTTP/1.1" 201 62
INFO 2026-08-31 22:51:04 log 11132 16828 "POST /api/auth/login/ HTTP/1.1" 200 1023
INFO 2026-08-31 22:51:04 log 11132 16828 "OPTIONS /api/billing/subscription/ HTTP/1.1" 200 0
INFO 2026-08-31 22:51:04 log 11132 16828 "GET /api/billing/subscription/ HTTP/1.1" 200 203
INFO 2026-08-31 22:51:04 log 11132 8200 "OPTIONS /api/alerts/notifications/unread-count/ HTTP/1.1" 200 0
INFO 2026-08-31 22:51:04 log 11132 12284 "OPTIONS /api/shops/ HTTP/1.1" 200 0
INFO 2026-08-31 22:51:04 log 11132 16828 "GET /api/billing/subscription/ HTTP/1.1" 200 203
INFO 2026-08-31 22:51:04 log 11132 12284 "GET /api/shops/ HTTP/1.1" 200 205
INFO 2026-08-31 22:51:04 log 11132 8200 "GET /api/alerts/notifications/unread-count/ HTTP/1.1" 200 18
INFO 2026-08-31 22:51:05 log 11132 8200 "OPTIONS /api/reports/overview/ HTTP/1.1" 200 0
INFO 2026-08-31 22:51:05 log 11132 12284 "GET /api/alerts/notifications/unread-count/ HTTP/1.1" 200 18
INFO 2026-08-31 22:51:05 log 11132 8200 "GET /api/reports/overview/ HTTP/1.1" 200 277
INFO 2026-08-31 22:51:05 log 11132 12284 "GET /api/alerts/notifications/unread-count/ HTTP/1.1" 200 18
INFO 2026-08-31 22:51:05 log 11132 8200 "GET /api/reports/overview/ HTTP/1.1" 200 277
INFO 2026-08-31 22:51:05 log 11132 8200 "OPTIONS /api/alerts/notifications/unread-count/?shop_id=3cec7da4-db75-4fc9-acd8-a6dff2d6c310 HTTP/1.1" 200 0
INFO 2026-08-31 22:51:05 log 11132 16828 "OPTIONS /api/reports/sales/?shop_id=3cec7da4-db75-4fc9-acd8-a6dff2d6c310 HTTP/1.1" 200 0
INFO 2026-08-31 22:51:05 log 11132 12284 "OPTIONS /api/reports/dashboard/?shop_id=3cec7da4-db75-4fc9-acd8-a6dff2d6c310 HTTP/1.1" 200 0
INFO 2026-08-31 22:51:05 log 11132 8200 "OPTIONS /api/alerts/notifications/unread-count/?shop_id=3cec7da4-db75-4fc9-acd8-a6dff2d6c310 HTTP/1.1" 200 0
INFO 2026-08-31 22:51:05 log 11132 12284 "GET /api/reports/sales/?shop_id=3cec7da4-db75-4fc9-acd8-a6dff2d6c310 HTTP/1.1" 200 2
INFO 2026-08-31 22:51:05 log 11132 17180 "GET /api/alerts/notifications/unread-count/?shop_id=3cec7da4-db75-4fc9-acd8-a6dff2d6c310 HTTP/1.1" 200 18
INFO 2026-08-31 22:51:05 log 11132 17180 "GET /api/alerts/notifications/unread-count/?shop_id=3cec7da4-db75-4fc9-acd8-a6dff2d6c310 HTTP/1.1" 200 18
INFO 2026-08-31 22:51:09 log 11132 8200 "GET /api/reports/dashboard/?shop_id=3cec7da4-db75-4fc9-acd8-a6dff2d6c310 HTTP/1.1" 200 117
INFO 2026-08-31 22:51:09 log 11132 17180 "OPTIONS /api/billing/history/ HTTP/1.1" 200 0
INFO 2026-08-31 22:51:09 log 11132 8200 "OPTIONS /api/billing/history/ HTTP/1.1" 200 0
INFO 2026-08-31 22:51:09 log 11132 17180 "GET /api/billing/history/ HTTP/1.1" 200 2
INFO 2026-08-31 22:51:09 log 11132 17180 "GET /api/billing/history/ HTTP/1.1" 200 2
INFO 2026-08-31 22:51:09 log 11132 17180 "GET /api/billing/subscription/ HTTP/1.1" 200 203
INFO 2026-08-31 22:51:09 log 11132 17180 "GET /api/billing/subscription/ HTTP/1.1" 200 203
INFO 2026-08-31 22:51:26 log 11132 8200 "OPTIONS /api/sales/?shop_id=3cec7da4-db75-4fc9-acd8-a6dff2d6c310 HTTP/1.1" 200 0
INFO 2026-08-31 22:51:26 log 11132 17180 "OPTIONS /api/products/?shop_id=3cec7da4-db75-4fc9-acd8-a6dff2d6c310 HTTP/1.1" 200 0
INFO 2026-08-31 22:51:26 log 11132 12284 "OPTIONS /api/products/?shop_id=3cec7da4-db75-4fc9-acd8-a6dff2d6c310 HTTP/1.1" 200 0
INFO 2026-08-31 22:51:26 log 11132 16828 "OPTIONS /api/sales/?shop_id=3cec7da4-db75-4fc9-acd8-a6dff2d6c310 HTTP/1.1" 200 0
INFO 2026-08-31 22:51:26 log 11132 8200 "GET /api/sales/?shop_id=3cec7da4-db75-4fc9-acd8-a6dff2d6c310 HTTP/1.1" 200 2
INFO 2026-08-31 22:51:26 log 11132 8200 "GET /api/sales/?shop_id=3cec7da4-db75-4fc9-acd8-a6dff2d6c310 HTTP/1.1" 200 2
INFO 2026-08-31 22:51:30 log 11132 12284 "GET /api/products/?shop_id=3cec7da4-db75-4fc9-acd8-a6dff2d6c310 HTTP/1.1" 200 2
INFO 2026-08-31 22:51:34 log 11132 12284 "GET /api/products/?shop_id=3cec7da4-db75-4fc9-acd8-a6dff2d6c310 HTTP/1.1" 200 2
INFO 2026-08-31 22:51:38 log 11132 12284 "GET /api/products/?shop_id=3cec7da4-db75-4fc9-acd8-a6dff2d6c310 HTTP/1.1" 200 2
INFO 2026-08-31 22:51:42 log 11132 12284 "GET /api/products/?shop_id=3cec7da4-db75-4fc9-acd8-a6dff2d6c310 HTTP/1.1" 200 2
INFO 2026-08-31 22:51:56 log 11132 12284 "POST /api/products/?shop_id=3cec7da4-db75-4fc9-acd8-a6dff2d6c310 HTTP/1.1" 201 329
INFO 2026-08-31 22:52:00 log 11132 8200 "GET /api/sales/?shop_id=3cec7da4-db75-4fc9-acd8-a6dff2d6c310 HTTP/1.1" 200 2
INFO 2026-08-31 22:52:00 log 11132 8200 "GET /api/sales/?shop_id=3cec7da4-db75-4fc9-acd8-a6dff2d6c310 HTTP/1.1" 200 2
INFO 2026-08-31 22:52:01 log 11132 12284 "GET /api/products/?shop_id=3cec7da4-db75-4fc9-acd8-a6dff2d6c310 HTTP/1.1" 200 331
INFO 2026-08-31 22:52:04 log 11132 16828 "GET /api/reports/sales/?shop_id=3cec7da4-db75-4fc9-acd8-a6dff2d6c310 HTTP/1.1" 200 2
INFO 2026-08-31 22:52:04 log 11132 16828 "GET /api/reports/sales/?shop_id=3cec7da4-db75-4fc9-acd8-a6dff2d6c310 HTTP/1.1" 200 2
INFO 2026-08-31 22:52:05 log 11132 12284 "GET /api/products/?shop_id=3cec7da4-db75-4fc9-acd8-a6dff2d6c310 HTTP/1.1" 200 331
INFO 2026-08-31 22:52:05 log 11132 12284 "GET /api/alerts/notifications/unread-count/?shop_id=3cec7da4-db75-4fc9-acd8-a6dff2d6c310 HTTP/1.1" 200 18
INFO 2026-08-31 22:52:05 log 11132 12284 "GET /api/alerts/notifications/unread-count/?shop_id=3cec7da4-db75-4fc9-acd8-a6dff2d6c310 HTTP/1.1" 200 18
INFO 2026-08-31 22:52:08 log 11132 8200 "GET /api/reports/dashboard/?shop_id=3cec7da4-db75-4fc9-acd8-a6dff2d6c310 HTTP/1.1" 200 252
INFO 2026-08-31 22:52:09 log 11132 16828 "GET /api/products/?shop_id=3cec7da4-db75-4fc9-acd8-a6dff2d6c310 HTTP/1.1" 200 331
INFO 2026-08-31 22:52:12 log 11132 8200 "GET /api/reports/dashboard/?shop_id=3cec7da4-db75-4fc9-acd8-a6dff2d6c310 HTTP/1.1" 200 252
INFO 2026-08-31 22:52:13 log 11132 16828 "GET /api/products/?shop_id=3cec7da4-db75-4fc9-acd8-a6dff2d6c310 HTTP/1.1" 200 331
INFO 2026-08-31 22:52:17 log 11132 16828 "GET /api/products/?shop_id=3cec7da4-db75-4fc9-acd8-a6dff2d6c310 HTTP/1.1" 200 331
INFO 2026-08-31 22:52:18 log 11132 8200 "GET /api/sales/?shop_id=3cec7da4-db75-4fc9-acd8-a6dff2d6c310 HTTP/1.1" 200 2
INFO 2026-08-31 22:52:18 log 11132 8200 "GET /api/sales/?shop_id=3cec7da4-db75-4fc9-acd8-a6dff2d6c310 HTTP/1.1" 200 2
INFO 2026-08-31 22:52:22 log 11132 16828 "GET /api/products/?shop_id=3cec7da4-db75-4fc9-acd8-a6dff2d6c310 HTTP/1.1" 200 331
INFO 2026-08-31 22:52:26 log 11132 16828 "GET /api/products/?shop_id=3cec7da4-db75-4fc9-acd8-a6dff2d6c310 HTTP/1.1" 200 331
INFO 2026-08-31 22:53:05 log 11132 16828 "GET /api/alerts/notifications/unread-count/?shop_id=3cec7da4-db75-4fc9-acd8-a6dff2d6c310 HTTP/1.1" 200 18
INFO 2026-08-31 22:53:05 log 11132 16828 "GET /api/alerts/notifications/unread-count/?shop_id=3cec7da4-db75-4fc9-acd8-a6dff2d6c310 HTTP/1.1" 200 18
INFO 2026-08-31 22:53:50 log 11132 16828 "GET /api/alerts/notifications/unread-count/?shop_id=3cec7da4-db75-4fc9-acd8-a6dff2d6c310 HTTP/1.1" 200 18
WARNING 2026-08-31 22:53:57 log 11132 6196 Forbidden (CSRF token missing.): /system-admin/login/
WARNING 2026-08-31 22:53:57 log 11132 6196 "POST /system-admin/login/?next=/system-admin/ HTTP/1.1" 403 2491
WARNING 2026-08-31 22:54:02 log 11132 6196 Forbidden (CSRF token missing.): /system-admin/login/
WARNING 2026-08-31 22:54:02 log 11132 6196 "POST /system-admin/login/?next=/system-admin/ HTTP/1.1" 403 2491
INFO 2026-08-31 22:54:05 log 11132 16828 "GET /api/alerts/notifications/unread-count/?shop_id=3cec7da4-db75-4fc9-acd8-a6dff2d6c310 HTTP/1.1" 200 18
INFO 2026-08-31 22:54:05 log 11132 16828 "GET /api/alerts/notifications/unread-count/?shop_id=3cec7da4-db75-4fc9-acd8-a6dff2d6c310 HTTP/1.1" 200 18
INFO 2026-08-31 22:54:05 log 11132 6196 "GET /system-admin/login/?next=/system-admin/ HTTP/1.1" 200 7181
INFO 2026-08-31 22:55:05 log 11132 16828 "GET /api/alerts/notifications/unread-count/?shop_id=3cec7da4-db75-4fc9-acd8-a6dff2d6c310 HTTP/1.1" 200 18
INFO 2026-08-31 22:55:05 log 11132 16828 "GET /api/alerts/notifications/unread-count/?shop_id=3cec7da4-db75-4fc9-acd8-a6dff2d6c310 HTTP/1.1" 200 18
INFO 2026-08-31 22:56:05 log 11132 16828 "GET /api/alerts/notifications/unread-count/?shop_id=3cec7da4-db75-4fc9-acd8-a6dff2d6c310 HTTP/1.1" 200 18
INFO 2026-08-31 22:56:05 log 11132 16828 "GET /api/alerts/notifications/unread-count/?shop_id=3cec7da4-db75-4fc9-acd8-a6dff2d6c310 HTTP/1.1" 200 18
INFO 2026-08-31 22:57:05 log 11132 16828 "GET /api/alerts/notifications/unread-count/?shop_id=3cec7da4-db75-4fc9-acd8-a6dff2d6c310 HTTP/1.1" 200 18
INFO 2026-08-31 22:57:05 log 11132 16828 "GET /api/alerts/notifications/unread-count/?shop_id=3cec7da4-db75-4fc9-acd8-a6dff2d6c310 HTTP/1.1" 200 18
INFO 2026-08-31 22:57:33 log 11132 7440 "GET /system-admin/ HTTP/1.1" 302 0
INFO 2026-08-31 22:57:33 log 11132 7440 "GET /system-admin/login/?next=/system-admin/ HTTP/1.1" 200 7181
WARNING 2026-08-31 22:58:17 log 11132 8668 Not Found: /.well-known/appspecific/com.chrome.devtools.json
WARNING 2026-08-31 22:58:17 log 11132 8668 "GET /.well-known/appspecific/com.chrome.devtools.json HTTP/1.1" 404 3103
INFO 2026-08-31 22:58:33 log 11132 16828 "GET /api/alerts/notifications/unread-count/?shop_id=3cec7da4-db75-4fc9-acd8-a6dff2d6c310 HTTP/1.1" 200 18
INFO 2026-08-31 22:58:33 log 11132 16828 "GET /api/alerts/notifications/unread-count/?shop_id=3cec7da4-db75-4fc9-acd8-a6dff2d6c310 HTTP/1.1" 200 18
INFO 2026-08-31 22:59:33 log 11132 16828 "GET /api/alerts/notifications/unread-count/?shop_id=3cec7da4-db75-4fc9-acd8-a6dff2d6c310 HTTP/1.1" 200 18
INFO 2026-08-31 22:59:33 log 11132 16828 "GET /api/alerts/notifications/unread-count/?shop_id=3cec7da4-db75-4fc9-acd8-a6dff2d6c310 HTTP/1.1" 200 18
INFO 2026-08-31 23:00:21 autoreload 11132 15824 C:\Users\PC\Desktop\InventoryTrackingSystem\config\settings.py changed, reloading.
INFO 2026-08-31 23:00:27 autoreload 5820 8592 Watching for file changes with StatReloader
INFO 2026-08-31 23:00:33 log 5820 4984 "GET /api/alerts/notifications/unread-count/?shop_id=3cec7da4-db75-4fc9-acd8-a6dff2d6c310 HTTP/1.1" 200 18
INFO 2026-08-31 23:00:33 log 5820 4984 "GET /api/alerts/notifications/unread-count/?shop_id=3cec7da4-db75-4fc9-acd8-a6dff2d6c310 HTTP/1.1" 200 18
WARNING 2026-08-31 23:00:54 log 5820 17196 Forbidden (CSRF token missing.): /system-admin/login/
WARNING 2026-08-31 23:00:54 log 5820 17196 "POST /system-admin/login/?next=/system-admin/ HTTP/1.1" 403 2491
WARNING 2026-08-31 23:00:55 log 5820 17196 Not Found: /.well-known/appspecific/com.chrome.devtools.json
WARNING 2026-08-31 23:00:55 log 5820 17196 "GET /.well-known/appspecific/com.chrome.devtools.json HTTP/1.1" 404 3103
WARNING 2026-08-31 23:00:55 log 5820 7848 Not Found: /favicon.ico
WARNING 2026-08-31 23:00:55 log 5820 7848 "GET /favicon.ico HTTP/1.1" 404 2992
WARNING 2026-08-31 23:00:58 log 5820 7848 Forbidden (CSRF token missing.): /system-admin/login/
WARNING 2026-08-31 23:00:58 log 5820 7848 "POST /system-admin/login/?next=/system-admin/ HTTP/1.1" 403 2491
WARNING 2026-08-31 23:00:58 log 5820 7848 Not Found: /.well-known/appspecific/com.chrome.devtools.json
WARNING 2026-08-31 23:00:58 log 5820 7848 "GET /.well-known/appspecific/com.chrome.devtools.json HTTP/1.1" 404 3103
INFO 2026-08-31 23:01:03 log 5820 4984 "GET /api/alerts/notifications/unread-count/?shop_id=3cec7da4-db75-4fc9-acd8-a6dff2d6c310 HTTP/1.1" 200 18
INFO 2026-08-31 23:01:05 log 5820 4984 "GET /api/alerts/notifications/unread-count/?shop_id=3cec7da4-db75-4fc9-acd8-a6dff2d6c310 HTTP/1.1" 200 18
INFO 2026-08-31 23:01:05 log 5820 4984 "GET /api/alerts/notifications/unread-count/?shop_id=3cec7da4-db75-4fc9-acd8-a6dff2d6c310 HTTP/1.1" 200 18
INFO 2026-08-31 23:01:25 log 5820 3564 "GET /system-admin HTTP/1.1" 301 0
INFO 2026-08-31 23:01:25 log 5820 3564 "GET /system-admin/ HTTP/1.1" 302 0
INFO 2026-08-31 23:01:25 log 5820 3564 "GET /system-admin/login/?next=/system-admin/ HTTP/1.1" 200 7181
INFO 2026-08-31 23:01:26 log 5820 3564 "GET /static/unfold/fonts/inter/styles.css HTTP/1.1" 200 608
INFO 2026-08-31 23:01:26 log 5820 3564 "GET /static/unfold/js/app.js HTTP/1.1" 200 29021
INFO 2026-08-31 23:01:26 log 5820 3564 "GET /static/unfold/js/simplebar/simplebar.js HTTP/1.1" 200 27176
INFO 2026-08-31 23:01:26 log 5820 10540 "GET /static/unfold/fonts/material-symbols/styles.css HTTP/1.1" 200 164
INFO 2026-08-31 23:01:26 log 5820 16796 "GET /static/unfold/js/chart/chart.js HTTP/1.1" 200 200633
INFO 2026-08-31 23:01:26 log 5820 1804 "GET /static/unfold/css/simplebar/simplebar.css HTTP/1.1" 200 4647
INFO 2026-08-31 23:01:26 log 5820 1536 "GET /static/unfold/css/styles.css HTTP/1.1" 200 307916
INFO 2026-08-31 23:01:26 log 5820 4384 "GET /static/unfold/js/htmx/htmx.js HTTP/1.1" 200 50918
INFO 2026-08-31 23:01:26 log 5820 4384 "GET /static/unfold/js/alpine/alpine.anchor.js HTTP/1.1" 200 15524
INFO 2026-08-31 23:01:26 log 5820 1536 "GET /static/unfold/js/alpine/alpine.persist.js HTTP/1.1" 200 837
INFO 2026-08-31 23:01:26 log 5820 4384 "GET /static/unfold/js/alpine/alpine.resize.js HTTP/1.1" 200 703
INFO 2026-08-31 23:01:26 log 5820 1536 "GET /static/unfold/js/alpine/alpine.sort.js HTTP/1.1" 200 38101
INFO 2026-08-31 23:01:26 log 5820 1536 "GET /static/unfold/js/alpine/alpine.js HTTP/1.1" 200 44758
INFO 2026-08-31 23:01:26 log 5820 1536 "GET /static/unfold/fonts/inter/Inter-SemiBold.woff2 HTTP/1.1" 200 114812
INFO 2026-08-31 23:01:26 log 5820 4384 "GET /static/unfold/fonts/inter/Inter-Medium.woff2 HTTP/1.1" 200 114348
INFO 2026-08-31 23:01:26 log 5820 1804 "GET /static/unfold/fonts/material-symbols/Material-Symbols-Outlined.woff2 HTTP/1.1" 200 291696
INFO 2026-08-31 23:01:26 log 5820 16796 "GET /static/unfold/fonts/inter/Inter-Regular.woff2 HTTP/1.1" 200 111268
WARNING 2026-08-31 23:01:26 log 5820 1804 Not Found: /favicon.ico
WARNING 2026-08-31 23:01:26 log 5820 1804 "GET /favicon.ico HTTP/1.1" 404 2992
INFO 2026-08-31 23:01:48 log 5820 4984 "GET /api/alerts/notifications/unread-count/?shop_id=3cec7da4-db75-4fc9-acd8-a6dff2d6c310 HTTP/1.1" 200 18
INFO 2026-08-31 23:02:01 log 5820 4984 "GET /api/alerts/notifications/unread-count/?shop_id=3cec7da4-db75-4fc9-acd8-a6dff2d6c310 HTTP/1.1" 200 18
INFO 2026-08-31 23:02:05 log 5820 4984 "GET /api/alerts/notifications/unread-count/?shop_id=3cec7da4-db75-4fc9-acd8-a6dff2d6c310 HTTP/1.1" 200 18
INFO 2026-08-31 23:02:05 log 5820 4984 "GET /api/alerts/notifications/unread-count/?shop_id=3cec7da4-db75-4fc9-acd8-a6dff2d6c310 HTTP/1.1" 200 18
INFO 2026-08-31 23:02:18 log 5820 4984 "GET /api/alerts/notifications/unread-count/?shop_id=3cec7da4-db75-4fc9-acd8-a6dff2d6c310 HTTP/1.1" 200 18
INFO 2026-08-31 23:03:05 log 5820 4984 "GET /api/alerts/notifications/unread-count/?shop_id=3cec7da4-db75-4fc9-acd8-a6dff2d6c310 HTTP/1.1" 200 18
INFO 2026-08-31 23:03:05 log 5820 4984 "GET /api/alerts/notifications/unread-count/?shop_id=3cec7da4-db75-4fc9-acd8-a6dff2d6c310 HTTP/1.1" 200 18
INFO 2026-08-31 23:03:14 log 5820 4984 "GET /api/alerts/notifications/unread-count/?shop_id=3cec7da4-db75-4fc9-acd8-a6dff2d6c310 HTTP/1.1" 200 18
INFO 2026-08-31 23:03:34 log 5820 4984 "POST /api/sales/?shop_id=3cec7da4-db75-4fc9-acd8-a6dff2d6c310 HTTP/1.1" 201 535
INFO 2026-08-31 23:03:34 log 5820 4984 "GET /api/sales/?shop_id=3cec7da4-db75-4fc9-acd8-a6dff2d6c310 HTTP/1.1" 200 537
INFO 2026-08-31 23:03:38 log 5820 16880 "GET /api/products/?shop_id=3cec7da4-db75-4fc9-acd8-a6dff2d6c310 HTTP/1.1" 200 330
INFO 2026-08-31 23:03:51 log 5820 4984 "GET /api/reports/sales/?shop_id=3cec7da4-db75-4fc9-acd8-a6dff2d6c310 HTTP/1.1" 200 37
INFO 2026-08-31 23:03:51 log 5820 4984 "GET /api/reports/sales/?shop_id=3cec7da4-db75-4fc9-acd8-a6dff2d6c310 HTTP/1.1" 200 37
INFO 2026-08-31 23:03:55 log 5820 16880 "GET /api/reports/dashboard/?shop_id=3cec7da4-db75-4fc9-acd8-a6dff2d6c310 HTTP/1.1" 200 418
INFO 2026-08-31 23:03:59 log 5820 16880 "GET /api/reports/dashboard/?shop_id=3cec7da4-db75-4fc9-acd8-a6dff2d6c310 HTTP/1.1" 200 418
INFO 2026-08-31 23:04:05 log 5820 16880 "GET /api/alerts/notifications/unread-count/?shop_id=3cec7da4-db75-4fc9-acd8-a6dff2d6c310 HTTP/1.1" 200 18
INFO 2026-08-31 23:04:05 log 5820 16880 "GET /api/alerts/notifications/unread-count/?shop_id=3cec7da4-db75-4fc9-acd8-a6dff2d6c310 HTTP/1.1" 200 18
INFO 2026-08-31 23:04:16 log 5820 16880 "GET /api/alerts/notifications/unread-count/?shop_id=3cec7da4-db75-4fc9-acd8-a6dff2d6c310 HTTP/1.1" 200 18
INFO 2026-08-31 23:04:23 log 5820 4984 "OPTIONS /api/analytics/inventory/?days=30&shop_id=3cec7da4-db75-4fc9-acd8-a6dff2d6c310 HTTP/1.1" 200 0
INFO 2026-08-31 23:04:23 log 5820 16880 "OPTIONS /api/analytics/sales/?days=30&shop_id=3cec7da4-db75-4fc9-acd8-a6dff2d6c310 HTTP/1.1" 200 0
INFO 2026-08-31 23:04:23 log 5820 4984 "OPTIONS /api/analytics/products/?days=30&shop_id=3cec7da4-db75-4fc9-acd8-a6dff2d6c310 HTTP/1.1" 200 0
INFO 2026-08-31 23:04:23 log 5820 16880 "OPTIONS /api/analytics/profit/?days=30&shop_id=3cec7da4-db75-4fc9-acd8-a6dff2d6c310 HTTP/1.1" 200 0
INFO 2026-08-31 23:04:23 log 5820 16880 "OPTIONS /api/analytics/staff/?days=30&shop_id=3cec7da4-db75-4fc9-acd8-a6dff2d6c310 HTTP/1.1" 200 0
INFO 2026-08-31 23:04:23 log 5820 10296 "OPTIONS /api/analytics/staff/?days=30&shop_id=3cec7da4-db75-4fc9-acd8-a6dff2d6c310 HTTP/1.1" 200 0
INFO 2026-08-31 23:04:23 log 5820 16880 "GET /api/analytics/staff/?days=30&shop_id=3cec7da4-db75-4fc9-acd8-a6dff2d6c310 HTTP/1.1" 200 172
INFO 2026-08-31 23:04:23 log 5820 4984 "GET /api/analytics/inventory/?days=30&shop_id=3cec7da4-db75-4fc9-acd8-a6dff2d6c310 HTTP/1.1" 200 210
INFO 2026-08-31 23:04:23 log 5820 17020 "GET /api/analytics/profit/?days=30&shop_id=3cec7da4-db75-4fc9-acd8-a6dff2d6c310 HTTP/1.1" 200 125
INFO 2026-08-31 23:04:23 log 5820 16880 "GET /api/analytics/staff/?days=30&shop_id=3cec7da4-db75-4fc9-acd8-a6dff2d6c310 HTTP/1.1" 200 172
INFO 2026-08-31 23:04:23 log 5820 16080 "GET /api/analytics/products/?days=30&shop_id=3cec7da4-db75-4fc9-acd8-a6dff2d6c310 HTTP/1.1" 200 264
INFO 2026-08-31 23:04:23 log 5820 4984 "GET /api/analytics/inventory/?days=30&shop_id=3cec7da4-db75-4fc9-acd8-a6dff2d6c310 HTTP/1.1" 200 210
INFO 2026-08-31 23:04:23 log 5820 17232 "GET /api/analytics/sales/?days=30&shop_id=3cec7da4-db75-4fc9-acd8-a6dff2d6c310 HTTP/1.1" 200 319
INFO 2026-08-31 23:04:23 log 5820 17020 "GET /api/analytics/profit/?days=30&shop_id=3cec7da4-db75-4fc9-acd8-a6dff2d6c310 HTTP/1.1" 200 125
INFO 2026-08-31 23:04:23 log 5820 16080 "GET /api/analytics/products/?days=30&shop_id=3cec7da4-db75-4fc9-acd8-a6dff2d6c310 HTTP/1.1" 200 264
INFO 2026-08-31 23:04:23 log 5820 17232 "GET /api/analytics/sales/?days=30&shop_id=3cec7da4-db75-4fc9-acd8-a6dff2d6c310 HTTP/1.1" 200 319
INFO 2026-08-31 23:04:29 log 5820 16080 "GET /api/reports/sales/?shop_id=3cec7da4-db75-4fc9-acd8-a6dff2d6c310 HTTP/1.1" 200 37
INFO 2026-08-31 23:04:29 log 5820 16080 "GET /api/reports/sales/?shop_id=3cec7da4-db75-4fc9-acd8-a6dff2d6c310 HTTP/1.1" 200 37
INFO 2026-08-31 23:04:33 log 5820 17232 "GET /api/reports/dashboard/?shop_id=3cec7da4-db75-4fc9-acd8-a6dff2d6c310 HTTP/1.1" 200 418
INFO 2026-08-31 23:04:37 log 5820 17232 "GET /api/reports/dashboard/?shop_id=3cec7da4-db75-4fc9-acd8-a6dff2d6c310 HTTP/1.1" 200 418
INFO 2026-08-31 23:05:05 log 5820 17232 "GET /api/alerts/notifications/unread-count/?shop_id=3cec7da4-db75-4fc9-acd8-a6dff2d6c310 HTTP/1.1" 200 18
INFO 2026-08-31 23:05:05 log 5820 17232 "GET /api/alerts/notifications/unread-count/?shop_id=3cec7da4-db75-4fc9-acd8-a6dff2d6c310 HTTP/1.1" 200 18
INFO 2026-08-31 23:06:32 log 5820 17232 "GET /api/alerts/notifications/unread-count/?shop_id=3cec7da4-db75-4fc9-acd8-a6dff2d6c310 HTTP/1.1" 200 18
INFO 2026-08-31 23:06:32 log 5820 17232 "GET /api/alerts/notifications/unread-count/?shop_id=3cec7da4-db75-4fc9-acd8-a6dff2d6c310 HTTP/1.1" 200 18
INFO 2026-08-31 23:07:07 log 5820 17232 "GET /api/alerts/notifications/unread-count/?shop_id=3cec7da4-db75-4fc9-acd8-a6dff2d6c310 HTTP/1.1" 200 18
INFO 2026-08-31 23:07:07 log 5820 17232 "GET /api/alerts/notifications/unread-count/?shop_id=3cec7da4-db75-4fc9-acd8-a6dff2d6c310 HTTP/1.1" 200 18
INFO 2026-08-31 23:07:07 log 5820 17232 "GET /api/alerts/notifications/unread-count/?shop_id=3cec7da4-db75-4fc9-acd8-a6dff2d6c310 HTTP/1.1" 200 18
INFO 2026-08-31 23:08:05 log 5820 17232 "GET /api/alerts/notifications/unread-count/?shop_id=3cec7da4-db75-4fc9-acd8-a6dff2d6c310 HTTP/1.1" 200 18
INFO 2026-08-31 23:08:05 log 5820 17232 "GET /api/alerts/notifications/unread-count/?shop_id=3cec7da4-db75-4fc9-acd8-a6dff2d6c310 HTTP/1.1" 200 18
INFO 2026-08-31 23:08:29 log 5820 17232 "GET /api/alerts/notifications/unread-count/?shop_id=3cec7da4-db75-4fc9-acd8-a6dff2d6c310 HTTP/1.1" 200 18
INFO 2026-08-31 23:08:32 autoreload 5820 8592 C:\Users\PC\Desktop\InventoryTrackingSystem\inventory\views.py changed, reloading.
INFO 2026-08-31 23:08:38 autoreload 15176 17224 Watching for file changes with StatReloader
INFO 2026-08-31 23:09:05 log 15176 5416 "GET /api/alerts/notifications/unread-count/?shop_id=3cec7da4-db75-4fc9-acd8-a6dff2d6c310 HTTP/1.1" 200 18
INFO 2026-08-31 23:09:05 log 15176 5416 "GET /api/alerts/notifications/unread-count/?shop_id=3cec7da4-db75-4fc9-acd8-a6dff2d6c310 HTTP/1.1" 200 18
INFO 2026-08-31 23:10:05 log 15176 5416 "GET /api/alerts/notifications/unread-count/?shop_id=3cec7da4-db75-4fc9-acd8-a6dff2d6c310 HTTP/1.1" 200 18
INFO 2026-08-31 23:10:05 log 15176 5416 "GET /api/alerts/notifications/unread-count/?shop_id=3cec7da4-db75-4fc9-acd8-a6dff2d6c310 HTTP/1.1" 200 18
INFO 2026-08-31 23:11:33 log 15176 7188 "GET /api/alerts/notifications/unread-count/?shop_id=3cec7da4-db75-4fc9-acd8-a6dff2d6c310 HTTP/1.1" 200 18
INFO 2026-08-31 23:11:33 log 15176 7188 "GET /api/alerts/notifications/unread-count/?shop_id=3cec7da4-db75-4fc9-acd8-a6dff2d6c310 HTTP/1.1" 200 18
INFO 2026-08-31 23:12:33 log 15176 7188 "GET /api/alerts/notifications/unread-count/?shop_id=3cec7da4-db75-4fc9-acd8-a6dff2d6c310 HTTP/1.1" 200 18
INFO 2026-08-31 23:12:33 log 15176 7188 "GET /api/alerts/notifications/unread-count/?shop_id=3cec7da4-db75-4fc9-acd8-a6dff2d6c310 HTTP/1.1" 200 18
INFO 2026-08-31 23:13:33 log 15176 7188 "GET /api/alerts/notifications/unread-count/?shop_id=3cec7da4-db75-4fc9-acd8-a6dff2d6c310 HTTP/1.1" 200 18
INFO 2026-08-31 23:13:33 log 15176 7188 "GET /api/alerts/notifications/unread-count/?shop_id=3cec7da4-db75-4fc9-acd8-a6dff2d6c310 HTTP/1.1" 200 18
INFO 2026-08-31 23:14:33 log 15176 7188 "GET /api/alerts/notifications/unread-count/?shop_id=3cec7da4-db75-4fc9-acd8-a6dff2d6c310 HTTP/1.1" 200 18
INFO 2026-08-31 23:14:33 log 15176 7188 "GET /api/alerts/notifications/unread-count/?shop_id=3cec7da4-db75-4fc9-acd8-a6dff2d6c310 HTTP/1.1" 200 18
INFO 2026-08-31 23:15:33 log 15176 7188 "GET /api/alerts/notifications/unread-count/?shop_id=3cec7da4-db75-4fc9-acd8-a6dff2d6c310 HTTP/1.1" 200 18
INFO 2026-08-31 23:15:33 log 15176 7188 "GET /api/alerts/notifications/unread-count/?shop_id=3cec7da4-db75-4fc9-acd8-a6dff2d6c310 HTTP/1.1" 200 18
INFO 2026-08-31 23:16:33 log 15176 7188 "GET /api/alerts/notifications/unread-count/?shop_id=3cec7da4-db75-4fc9-acd8-a6dff2d6c310 HTTP/1.1" 200 18
INFO 2026-08-31 23:16:33 log 15176 7188 "GET /api/alerts/notifications/unread-count/?shop_id=3cec7da4-db75-4fc9-acd8-a6dff2d6c310 HTTP/1.1" 200 18
INFO 2026-08-31 23:17:33 log 15176 7188 "GET /api/alerts/notifications/unread-count/?shop_id=3cec7da4-db75-4fc9-acd8-a6dff2d6c310 HTTP/1.1" 200 18
INFO 2026-08-31 23:17:33 log 15176 7188 "GET /api/alerts/notifications/unread-count/?shop_id=3cec7da4-db75-4fc9-acd8-a6dff2d6c310 HTTP/1.1" 200 18
INFO 2026-08-31 23:18:33 log 15176 7188 "GET /api/alerts/notifications/unread-count/?shop_id=3cec7da4-db75-4fc9-acd8-a6dff2d6c310 HTTP/1.1" 200 18
INFO 2026-08-31 23:18:33 log 15176 7188 "GET /api/alerts/notifications/unread-count/?shop_id=3cec7da4-db75-4fc9-acd8-a6dff2d6c310 HTTP/1.1" 200 18
INFO 2026-08-31 23:19:13 log 15176 7188 "GET /api/alerts/notifications/unread-count/?shop_id=3cec7da4-db75-4fc9-acd8-a6dff2d6c310 HTTP/1.1" 200 18
INFO 2026-08-31 23:19:13 log 15176 7188 "GET /api/alerts/notifications/unread-count/?shop_id=3cec7da4-db75-4fc9-acd8-a6dff2d6c310 HTTP/1.1" 200 18
INFO 2026-08-31 23:19:13 log 15176 7188 "GET /api/alerts/notifications/unread-count/?shop_id=3cec7da4-db75-4fc9-acd8-a6dff2d6c310 HTTP/1.1" 200 18
INFO 2026-08-31 23:19:40 log 15176 7188 "GET /api/alerts/notifications/unread-count/?shop_id=3cec7da4-db75-4fc9-acd8-a6dff2d6c310 HTTP/1.1" 200 18
INFO 2026-08-31 23:20:05 log 15176 7188 "GET /api/alerts/notifications/unread-count/?shop_id=3cec7da4-db75-4fc9-acd8-a6dff2d6c310 HTTP/1.1" 200 18
INFO 2026-08-31 23:20:05 log 15176 7188 "GET /api/alerts/notifications/unread-count/?shop_id=3cec7da4-db75-4fc9-acd8-a6dff2d6c310 HTTP/1.1" 200 18
INFO 2026-08-31 23:20:33 log 15176 7188 "GET /api/alerts/notifications/unread-count/?shop_id=3cec7da4-db75-4fc9-acd8-a6dff2d6c310 HTTP/1.1" 200 18
INFO 2026-08-31 23:20:40 log 15176 7188 "GET /api/alerts/notifications/unread-count/?shop_id=3cec7da4-db75-4fc9-acd8-a6dff2d6c310 HTTP/1.1" 200 18
WARNING 2026-08-31 23:21:05 log 15176 7188 Unauthorized: /api/alerts/notifications/unread-count/
WARNING 2026-08-31 23:21:05 log 15176 7188 "GET /api/alerts/notifications/unread-count/?shop_id=3cec7da4-db75-4fc9-acd8-a6dff2d6c310 HTTP/1.1" 401 183
WARNING 2026-08-31 23:21:05 log 15176 7188 Unauthorized: /api/alerts/notifications/unread-count/
WARNING 2026-08-31 23:21:05 log 15176 7188 "GET /api/alerts/notifications/unread-count/?shop_id=3cec7da4-db75-4fc9-acd8-a6dff2d6c310 HTTP/1.1" 401 183
INFO 2026-08-31 23:21:05 log 15176 7188 "OPTIONS /api/auth/refresh/ HTTP/1.1" 200 0
INFO 2026-08-31 23:21:05 log 15176 7188 "POST /api/auth/refresh/ HTTP/1.1" 200 409
INFO 2026-08-31 23:21:05 log 15176 7188 "GET /api/alerts/notifications/unread-count/?shop_id=3cec7da4-db75-4fc9-acd8-a6dff2d6c310 HTTP/1.1" 200 18
INFO 2026-08-31 23:21:05 log 15176 7188 "GET /api/alerts/notifications/unread-count/?shop_id=3cec7da4-db75-4fc9-acd8-a6dff2d6c310 HTTP/1.1" 200 18
INFO 2026-08-31 23:21:56 autoreload 15176 17224 C:\Users\PC\Desktop\InventoryTrackingSystem\inventory\views.py changed, reloading.
INFO 2026-08-31 23:22:03 autoreload 9844 14540 Watching for file changes with StatReloader
INFO 2026-08-31 23:22:32 log 9844 10264 "GET /api/alerts/notifications/unread-count/?shop_id=3cec7da4-db75-4fc9-acd8-a6dff2d6c310 HTTP/1.1" 200 18
INFO 2026-08-31 23:22:32 log 9844 10264 "GET /api/alerts/notifications/unread-count/?shop_id=3cec7da4-db75-4fc9-acd8-a6dff2d6c310 HTTP/1.1" 200 18
INFO 2026-08-31 23:23:33 log 9844 10264 "GET /api/alerts/notifications/unread-count/?shop_id=3cec7da4-db75-4fc9-acd8-a6dff2d6c310 HTTP/1.1" 200 18
INFO 2026-08-31 23:23:33 log 9844 10264 "GET /api/alerts/notifications/unread-count/?shop_id=3cec7da4-db75-4fc9-acd8-a6dff2d6c310 HTTP/1.1" 200 18
INFO 2026-08-31 23:24:33 log 9844 10264 "GET /api/alerts/notifications/unread-count/?shop_id=3cec7da4-db75-4fc9-acd8-a6dff2d6c310 HTTP/1.1" 200 18
INFO 2026-08-31 23:24:33 log 9844 10264 "GET /api/alerts/notifications/unread-count/?shop_id=3cec7da4-db75-4fc9-acd8-a6dff2d6c310 HTTP/1.1" 200 18
INFO 2026-08-31 23:25:33 log 9844 10264 "GET /api/alerts/notifications/unread-count/?shop_id=3cec7da4-db75-4fc9-acd8-a6dff2d6c310 HTTP/1.1" 200 18
INFO 2026-08-31 23:25:33 log 9844 10264 "GET /api/alerts/notifications/unread-count/?shop_id=3cec7da4-db75-4fc9-acd8-a6dff2d6c310 HTTP/1.1" 200 18
INFO 2026-08-31 23:25:51 log 9844 10264 "GET /api/alerts/notifications/unread-count/?shop_id=3cec7da4-db75-4fc9-acd8-a6dff2d6c310 HTTP/1.1" 200 18
INFO 2026-08-31 23:26:06 log 9844 10264 "GET /api/alerts/notifications/unread-count/?shop_id=3cec7da4-db75-4fc9-acd8-a6dff2d6c310 HTTP/1.1" 200 18
INFO 2026-08-31 23:26:06 log 9844 10264 "GET /api/alerts/notifications/unread-count/?shop_id=3cec7da4-db75-4fc9-acd8-a6dff2d6c310 HTTP/1.1" 200 18
INFO 2026-08-31 23:27:32 log 9844 10264 "GET /api/alerts/notifications/unread-count/?shop_id=3cec7da4-db75-4fc9-acd8-a6dff2d6c310 HTTP/1.1" 200 18
INFO 2026-08-31 23:27:32 log 9844 10264 "GET /api/alerts/notifications/unread-count/?shop_id=3cec7da4-db75-4fc9-acd8-a6dff2d6c310 HTTP/1.1" 200 18
INFO 2026-08-31 23:28:33 log 9844 10264 "GET /api/alerts/notifications/unread-count/?shop_id=3cec7da4-db75-4fc9-acd8-a6dff2d6c310 HTTP/1.1" 200 18
INFO 2026-08-31 23:28:33 log 9844 10264 "GET /api/alerts/notifications/unread-count/?shop_id=3cec7da4-db75-4fc9-acd8-a6dff2d6c310 HTTP/1.1" 200 18
INFO 2026-08-31 23:29:33 log 9844 10264 "GET /api/alerts/notifications/unread-count/?shop_id=3cec7da4-db75-4fc9-acd8-a6dff2d6c310 HTTP/1.1" 200 18
INFO 2026-08-31 23:29:33 log 9844 10264 "GET /api/alerts/notifications/unread-count/?shop_id=3cec7da4-db75-4fc9-acd8-a6dff2d6c310 HTTP/1.1" 200 18
INFO 2026-08-31 23:30:33 log 9844 10264 "GET /api/alerts/notifications/unread-count/?shop_id=3cec7da4-db75-4fc9-acd8-a6dff2d6c310 HTTP/1.1" 200 18
INFO 2026-08-31 23:30:33 log 9844 536 "GET /api/alerts/notifications/unread-count/?shop_id=3cec7da4-db75-4fc9-acd8-a6dff2d6c310 HTTP/1.1" 200 18
INFO 2026-08-31 23:31:33 log 9844 536 "GET /api/alerts/notifications/unread-count/?shop_id=3cec7da4-db75-4fc9-acd8-a6dff2d6c310 HTTP/1.1" 200 18
INFO 2026-08-31 23:31:33 log 9844 536 "GET /api/alerts/notifications/unread-count/?shop_id=3cec7da4-db75-4fc9-acd8-a6dff2d6c310 HTTP/1.1" 200 18
INFO 2026-08-31 23:32:33 log 9844 536 "GET /api/alerts/notifications/unread-count/?shop_id=3cec7da4-db75-4fc9-acd8-a6dff2d6c310 HTTP/1.1" 200 18
INFO 2026-08-31 23:32:33 log 9844 10264 "GET /api/alerts/notifications/unread-count/?shop_id=3cec7da4-db75-4fc9-acd8-a6dff2d6c310 HTTP/1.1" 200 18
INFO 2026-08-31 23:33:33 log 9844 10264 "GET /api/alerts/notifications/unread-count/?shop_id=3cec7da4-db75-4fc9-acd8-a6dff2d6c310 HTTP/1.1" 200 18
INFO 2026-08-31 23:33:33 log 9844 536 "GET /api/alerts/notifications/unread-count/?shop_id=3cec7da4-db75-4fc9-acd8-a6dff2d6c310 HTTP/1.1" 200 18
INFO 2026-08-31 23:34:21 log 9844 536 "GET /api/alerts/notifications/unread-count/?shop_id=3cec7da4-db75-4fc9-acd8-a6dff2d6c310 HTTP/1.1" 200 18
INFO 2026-08-31 23:34:22 log 9844 10264 "GET /api/alerts/notifications/unread-count/?shop_id=3cec7da4-db75-4fc9-acd8-a6dff2d6c310 HTTP/1.1" 200 18
INFO 2026-08-31 23:34:22 log 9844 10264 "GET /api/alerts/notifications/unread-count/?shop_id=3cec7da4-db75-4fc9-acd8-a6dff2d6c310 HTTP/1.1" 200 18
INFO 2026-08-31 23:34:28 log 9844 10264 "GET /api/alerts/notifications/unread-count/?shop_id=3cec7da4-db75-4fc9-acd8-a6dff2d6c310 HTTP/1.1" 200 18
INFO 2026-08-31 23:34:28 log 9844 8736 "GET /api/alerts/notifications/unread-count/?shop_id=3cec7da4-db75-4fc9-acd8-a6dff2d6c310 HTTP/1.1" 200 18
INFO 2026-08-31 23:34:28 log 9844 1464 "GET /api/billing/subscription/ HTTP/1.1" 200 203
INFO 2026-08-31 23:34:28 log 9844 10268 "GET /api/reports/sales/?shop_id=3cec7da4-db75-4fc9-acd8-a6dff2d6c310 HTTP/1.1" 200 37
INFO 2026-08-31 23:34:28 log 9844 11340 "GET /api/shops/ HTTP/1.1" 200 205
INFO 2026-08-31 23:34:28 log 9844 8736 "GET /api/reports/sales/?shop_id=3cec7da4-db75-4fc9-acd8-a6dff2d6c310 HTTP/1.1" 200 37
INFO 2026-08-31 23:34:28 log 9844 11340 "GET /api/alerts/notifications/unread-count/?shop_id=3cec7da4-db75-4fc9-acd8-a6dff2d6c310 HTTP/1.1" 200 18
INFO 2026-08-31 23:34:28 log 9844 10268 "GET /api/billing/subscription/ HTTP/1.1" 200 203
INFO 2026-08-31 23:34:28 log 9844 8736 "GET /api/alerts/notifications/unread-count/?shop_id=3cec7da4-db75-4fc9-acd8-a6dff2d6c310 HTTP/1.1" 200 18
INFO 2026-08-31 23:34:28 log 9844 1464 "GET /api/shops/ HTTP/1.1" 200 205
INFO 2026-08-31 23:34:29 log 9844 8736 "GET /api/alerts/notifications/unread-count/?shop_id=3cec7da4-db75-4fc9-acd8-a6dff2d6c310 HTTP/1.1" 200 18
INFO 2026-08-31 23:34:29 log 9844 11340 "GET /api/shops/ HTTP/1.1" 200 205
INFO 2026-08-31 23:34:29 log 9844 10268 "GET /api/reports/sales/?shop_id=3cec7da4-db75-4fc9-acd8-a6dff2d6c310 HTTP/1.1" 200 37
INFO 2026-08-31 23:34:29 log 9844 10472 "GET /api/billing/subscription/ HTTP/1.1" 200 203
INFO 2026-08-31 23:34:30 log 9844 11340 "GET /api/shops/ HTTP/1.1" 200 205
INFO 2026-08-31 23:34:30 log 9844 8736 "GET /api/alerts/notifications/unread-count/?shop_id=3cec7da4-db75-4fc9-acd8-a6dff2d6c310 HTTP/1.1" 200 18
INFO 2026-08-31 23:34:30 log 9844 10268 "GET /api/billing/subscription/ HTTP/1.1" 200 203
INFO 2026-08-31 23:34:30 log 9844 6264 "GET /api/reports/sales/?shop_id=3cec7da4-db75-4fc9-acd8-a6dff2d6c310 HTTP/1.1" 200 37
INFO 2026-08-31 23:34:30 log 9844 11340 "GET /api/alerts/notifications/unread-count/?shop_id=3cec7da4-db75-4fc9-acd8-a6dff2d6c310 HTTP/1.1" 200 18
INFO 2026-08-31 23:34:30 log 9844 6264 "GET /api/alerts/notifications/unread-count/?shop_id=3cec7da4-db75-4fc9-acd8-a6dff2d6c310 HTTP/1.1" 200 18
INFO 2026-08-31 23:34:32 basehttp 9844 536 - Broken pipe from ('127.0.0.1', 11447)
INFO 2026-08-31 23:34:32 basehttp 9844 10264 - Broken pipe from ('127.0.0.1', 11260)
INFO 2026-08-31 23:34:33 log 9844 10268 "GET /api/reports/sales/?shop_id=3cec7da4-db75-4fc9-acd8-a6dff2d6c310 HTTP/1.1" 200 37
INFO 2026-08-31 23:34:33 log 9844 8736 "GET /api/shops/ HTTP/1.1" 200 205
INFO 2026-08-31 23:34:33 log 9844 6264 "GET /api/alerts/notifications/unread-count/?shop_id=3cec7da4-db75-4fc9-acd8-a6dff2d6c310 HTTP/1.1" 200 18
INFO 2026-08-31 23:34:33 log 9844 10472 "GET /api/billing/subscription/ HTTP/1.1" 200 203
INFO 2026-08-31 23:34:33 log 9844 8736 "GET /api/reports/sales/?shop_id=3cec7da4-db75-4fc9-acd8-a6dff2d6c310 HTTP/1.1" 200 37
INFO 2026-08-31 23:34:33 log 9844 17812 "GET /api/alerts/notifications/unread-count/?shop_id=3cec7da4-db75-4fc9-acd8-a6dff2d6c310 HTTP/1.1" 200 18
INFO 2026-08-31 23:34:33 log 9844 6264 "GET /api/shops/ HTTP/1.1" 200 205
INFO 2026-08-31 23:34:33 log 9844 10472 "GET /api/billing/subscription/ HTTP/1.1" 200 203
INFO 2026-08-31 23:34:33 log 9844 17812 "GET /api/alerts/notifications/unread-count/?shop_id=3cec7da4-db75-4fc9-acd8-a6dff2d6c310 HTTP/1.1" 200 18
INFO 2026-08-31 23:34:33 log 9844 8736 "GET /api/alerts/notifications/unread-count/?shop_id=3cec7da4-db75-4fc9-acd8-a6dff2d6c310 HTTP/1.1" 200 18
INFO 2026-08-31 23:34:34 basehttp 9844 1464 - Broken pipe from ('127.0.0.1', 11532)
INFO 2026-08-31 23:34:38 log 9844 10268 "GET /api/reports/dashboard/?shop_id=3cec7da4-db75-4fc9-acd8-a6dff2d6c310 HTTP/1.1" 200 476
INFO 2026-08-31 23:34:38 log 9844 11340 "GET /api/reports/dashboard/?shop_id=3cec7da4-db75-4fc9-acd8-a6dff2d6c310 HTTP/1.1" 200 476
INFO 2026-08-31 23:34:38 log 9844 17812 "GET /api/sales/?shop_id=3cec7da4-db75-4fc9-acd8-a6dff2d6c310 HTTP/1.1" 200 537
INFO 2026-08-31 23:34:38 log 9844 10268 "GET /api/sales/?shop_id=3cec7da4-db75-4fc9-acd8-a6dff2d6c310 HTTP/1.1" 200 537
INFO 2026-08-31 23:34:42 log 9844 8736 "GET /api/products/?shop_id=3cec7da4-db75-4fc9-acd8-a6dff2d6c310 HTTP/1.1" 200 330
INFO 2026-08-31 23:34:42 log 9844 11340 "GET /api/products/?shop_id=3cec7da4-db75-4fc9-acd8-a6dff2d6c310 HTTP/1.1" 200 330
INFO 2026-08-31 23:35:10 log 9844 8736 "GET /api/alerts/notifications/unread-count/?shop_id=3cec7da4-db75-4fc9-acd8-a6dff2d6c310 HTTP/1.1" 200 18
INFO 2026-08-31 23:35:34 log 9844 8736 "GET /api/alerts/notifications/unread-count/?shop_id=3cec7da4-db75-4fc9-acd8-a6dff2d6c310 HTTP/1.1" 200 18
INFO 2026-08-31 23:35:34 log 9844 11340 "GET /api/alerts/notifications/unread-count/?shop_id=3cec7da4-db75-4fc9-acd8-a6dff2d6c310 HTTP/1.1" 200 18
INFO 2026-08-31 23:36:34 log 9844 11340 "GET /api/alerts/notifications/unread-count/?shop_id=3cec7da4-db75-4fc9-acd8-a6dff2d6c310 HTTP/1.1" 200 18
INFO 2026-08-31 23:36:34 log 9844 8736 "GET /api/alerts/notifications/unread-count/?shop_id=3cec7da4-db75-4fc9-acd8-a6dff2d6c310 HTTP/1.1" 200 18
INFO 2026-08-31 23:36:56 log 9844 8736 "GET /api/alerts/notifications/unread-count/?shop_id=3cec7da4-db75-4fc9-acd8-a6dff2d6c310 HTTP/1.1" 200 18
INFO 2026-08-31 23:37:34 log 9844 8736 "GET /api/alerts/notifications/unread-count/?shop_id=3cec7da4-db75-4fc9-acd8-a6dff2d6c310 HTTP/1.1" 200 18
INFO 2026-08-31 23:37:34 log 9844 8736 "GET /api/alerts/notifications/unread-count/?shop_id=3cec7da4-db75-4fc9-acd8-a6dff2d6c310 HTTP/1.1" 200 18
INFO 2026-08-31 23:37:43 log 9844 8736 "GET /api/alerts/notifications/unread-count/?shop_id=3cec7da4-db75-4fc9-acd8-a6dff2d6c310 HTTP/1.1" 200 18
INFO 2026-08-31 23:38:06 log 9844 8736 "GET /api/alerts/notifications/unread-count/?shop_id=3cec7da4-db75-4fc9-acd8-a6dff2d6c310 HTTP/1.1" 200 18
INFO 2026-08-31 23:38:17 log 9844 10472 "GET /api/billing/subscription/ HTTP/1.1" 200 203
INFO 2026-08-31 23:38:17 log 9844 8736 "GET /api/alerts/notifications/unread-count/?shop_id=3cec7da4-db75-4fc9-acd8-a6dff2d6c310 HTTP/1.1" 200 18
INFO 2026-08-31 23:38:17 log 9844 6264 "GET /api/alerts/notifications/unread-count/?shop_id=3cec7da4-db75-4fc9-acd8-a6dff2d6c310 HTTP/1.1" 200 18
INFO 2026-08-31 23:38:17 log 9844 17812 "GET /api/shops/ HTTP/1.1" 200 205
INFO 2026-08-31 23:38:17 log 9844 6264 "GET /api/shops/ HTTP/1.1" 200 205
INFO 2026-08-31 23:38:17 log 9844 8736 "GET /api/sales/?shop_id=3cec7da4-db75-4fc9-acd8-a6dff2d6c310 HTTP/1.1" 200 537
INFO 2026-08-31 23:38:17 log 9844 17812 "GET /api/billing/subscription/ HTTP/1.1" 200 203
INFO 2026-08-31 23:38:17 log 9844 10268 "GET /api/sales/?shop_id=3cec7da4-db75-4fc9-acd8-a6dff2d6c310 HTTP/1.1" 200 537
INFO 2026-08-31 23:38:17 log 9844 8736 "GET /api/alerts/notifications/unread-count/?shop_id=3cec7da4-db75-4fc9-acd8-a6dff2d6c310 HTTP/1.1" 200 18
INFO 2026-08-31 23:38:17 log 9844 6264 "GET /api/alerts/notifications/unread-count/?shop_id=3cec7da4-db75-4fc9-acd8-a6dff2d6c310 HTTP/1.1" 200 18
INFO 2026-08-31 23:38:20 log 9844 17812 "GET /api/shops/ HTTP/1.1" 200 205
INFO 2026-08-31 23:38:20 log 9844 6264 "GET /api/alerts/notifications/unread-count/?shop_id=3cec7da4-db75-4fc9-acd8-a6dff2d6c310 HTTP/1.1" 200 18
INFO 2026-08-31 23:38:20 log 9844 10268 "GET /api/sales/?shop_id=3cec7da4-db75-4fc9-acd8-a6dff2d6c310 HTTP/1.1" 200 537
INFO 2026-08-31 23:38:20 log 9844 18336 "GET /api/alerts/notifications/unread-count/?shop_id=3cec7da4-db75-4fc9-acd8-a6dff2d6c310 HTTP/1.1" 200 18
INFO 2026-08-31 23:38:20 log 9844 17592 "GET /api/billing/subscription/ HTTP/1.1" 200 203
INFO 2026-08-31 23:38:20 log 9844 6264 "GET /api/shops/ HTTP/1.1" 200 205
INFO 2026-08-31 23:38:20 log 9844 18336 "GET /api/billing/subscription/ HTTP/1.1" 200 203
INFO 2026-08-31 23:38:20 log 9844 17592 "GET /api/alerts/notifications/unread-count/?shop_id=3cec7da4-db75-4fc9-acd8-a6dff2d6c310 HTTP/1.1" 200 18
INFO 2026-08-31 23:38:20 log 9844 10268 "GET /api/sales/?shop_id=3cec7da4-db75-4fc9-acd8-a6dff2d6c310 HTTP/1.1" 200 537
INFO 2026-08-31 23:38:20 log 9844 6264 "GET /api/alerts/notifications/unread-count/?shop_id=3cec7da4-db75-4fc9-acd8-a6dff2d6c310 HTTP/1.1" 200 18
INFO 2026-08-31 23:38:21 basehttp 9844 10472 - Broken pipe from ('127.0.0.1', 11538)
INFO 2026-08-31 23:38:21 basehttp 9844 11340 - Broken pipe from ('127.0.0.1', 11531)
INFO 2026-08-31 23:38:24 log 9844 8736 "GET /api/products/?shop_id=3cec7da4-db75-4fc9-acd8-a6dff2d6c310 HTTP/1.1" 200 330
INFO 2026-08-31 23:38:24 log 9844 17812 "GET /api/products/?shop_id=3cec7da4-db75-4fc9-acd8-a6dff2d6c310 HTTP/1.1" 200 330
INFO 2026-08-31 23:38:27 log 9844 10268 "GET /api/shops/ HTTP/1.1" 200 205
INFO 2026-08-31 23:38:27 log 9844 17812 "GET /api/alerts/notifications/unread-count/?shop_id=3cec7da4-db75-4fc9-acd8-a6dff2d6c310 HTTP/1.1" 200 18
INFO 2026-08-31 23:38:27 log 9844 18336 "GET /api/alerts/notifications/unread-count/?shop_id=3cec7da4-db75-4fc9-acd8-a6dff2d6c310 HTTP/1.1" 200 18
INFO 2026-08-31 23:38:27 log 9844 6264 "GET /api/sales/?shop_id=3cec7da4-db75-4fc9-acd8-a6dff2d6c310 HTTP/1.1" 200 537
INFO 2026-08-31 23:38:27 log 9844 17592 "GET /api/billing/subscription/ HTTP/1.1" 200 203
INFO 2026-08-31 23:38:27 log 9844 18336 "GET /api/shops/ HTTP/1.1" 200 205
INFO 2026-08-31 23:38:27 log 9844 6264 "GET /api/billing/subscription/ HTTP/1.1" 200 203
INFO 2026-08-31 23:38:27 log 9844 17812 "GET /api/sales/?shop_id=3cec7da4-db75-4fc9-acd8-a6dff2d6c310 HTTP/1.1" 200 537
INFO 2026-08-31 23:38:27 log 9844 17592 "GET /api/alerts/notifications/unread-count/?shop_id=3cec7da4-db75-4fc9-acd8-a6dff2d6c310 HTTP/1.1" 200 18
INFO 2026-08-31 23:38:27 log 9844 18336 "GET /api/alerts/notifications/unread-count/?shop_id=3cec7da4-db75-4fc9-acd8-a6dff2d6c310 HTTP/1.1" 200 18
INFO 2026-08-31 23:38:31 log 9844 10268 "GET /api/products/?shop_id=3cec7da4-db75-4fc9-acd8-a6dff2d6c310 HTTP/1.1" 200 330
INFO 2026-08-31 23:38:31 log 9844 8736 "GET /api/products/?shop_id=3cec7da4-db75-4fc9-acd8-a6dff2d6c310 HTTP/1.1" 200 330
INFO 2026-08-31 23:39:28 log 9844 10268 "GET /api/alerts/notifications/unread-count/?shop_id=3cec7da4-db75-4fc9-acd8-a6dff2d6c310 HTTP/1.1" 200 18
INFO 2026-08-31 23:39:28 log 9844 8736 "GET /api/alerts/notifications/unread-count/?shop_id=3cec7da4-db75-4fc9-acd8-a6dff2d6c310 HTTP/1.1" 200 18
INFO 2026-08-31 23:40:03 log 9844 8736 "GET /api/alerts/notifications/unread-count/?shop_id=3cec7da4-db75-4fc9-acd8-a6dff2d6c310 HTTP/1.1" 200 18
INFO 2026-08-31 23:40:24 log 9844 5872 "GET /api/alerts/notifications/unread-count/?shop_id=3cec7da4-db75-4fc9-acd8-a6dff2d6c310 HTTP/1.1" 200 18
INFO 2026-08-31 23:40:26 log 9844 5872 "GET /api/alerts/notifications/unread-count/?shop_id=3cec7da4-db75-4fc9-acd8-a6dff2d6c310 HTTP/1.1" 200 18
INFO 2026-08-31 23:40:27 log 9844 5872 "GET /api/alerts/notifications/unread-count/?shop_id=3cec7da4-db75-4fc9-acd8-a6dff2d6c310 HTTP/1.1" 200 18
INFO 2026-08-31 23:40:27 log 9844 8564 "GET /api/alerts/notifications/unread-count/?shop_id=3cec7da4-db75-4fc9-acd8-a6dff2d6c310 HTTP/1.1" 200 18
INFO 2026-08-31 23:40:41 log 9844 8564 "GET /api/alerts/notifications/unread-count/?shop_id=3cec7da4-db75-4fc9-acd8-a6dff2d6c310 HTTP/1.1" 200 18
INFO 2026-08-31 23:41:01 log 9844 15576 "GET /api/alerts/notifications/unread-count/?shop_id=3cec7da4-db75-4fc9-acd8-a6dff2d6c310 HTTP/1.1" 200 18
INFO 2026-08-31 23:41:04 log 9844 15576 "GET /api/alerts/notifications/unread-count/?shop_id=3cec7da4-db75-4fc9-acd8-a6dff2d6c310 HTTP/1.1" 200 18
INFO 2026-08-31 23:41:04 log 9844 3176 "GET /api/billing/subscription/ HTTP/1.1" 200 203
INFO 2026-08-31 23:41:04 log 9844 17940 "GET /api/shops/ HTTP/1.1" 200 205
INFO 2026-08-31 23:41:04 log 9844 8512 "GET /api/alerts/notifications/unread-count/?shop_id=3cec7da4-db75-4fc9-acd8-a6dff2d6c310 HTTP/1.1" 200 18
INFO 2026-08-31 23:41:04 log 9844 14544 "GET /api/sales/?shop_id=3cec7da4-db75-4fc9-acd8-a6dff2d6c310 HTTP/1.1" 200 537
INFO 2026-08-31 23:41:04 log 9844 17940 "GET /api/shops/ HTTP/1.1" 200 205
INFO 2026-08-31 23:41:04 log 9844 3176 "GET /api/sales/?shop_id=3cec7da4-db75-4fc9-acd8-a6dff2d6c310 HTTP/1.1" 200 537
INFO 2026-08-31 23:41:04 log 9844 8512 "GET /api/billing/subscription/ HTTP/1.1" 200 203
INFO 2026-08-31 23:41:04 log 9844 14544 "GET /api/alerts/notifications/unread-count/?shop_id=3cec7da4-db75-4fc9-acd8-a6dff2d6c310 HTTP/1.1" 200 18
INFO 2026-08-31 23:41:04 log 9844 17940 "GET /api/alerts/notifications/unread-count/?shop_id=3cec7da4-db75-4fc9-acd8-a6dff2d6c310 HTTP/1.1" 200 18
INFO 2026-08-31 23:41:08 log 9844 15576 "GET /api/products/?shop_id=3cec7da4-db75-4fc9-acd8-a6dff2d6c310 HTTP/1.1" 200 330
INFO 2026-08-31 23:41:08 log 9844 4284 "GET /api/products/?shop_id=3cec7da4-db75-4fc9-acd8-a6dff2d6c310 HTTP/1.1" 200 330
INFO 2026-08-31 23:41:37 log 9844 4284 "GET /api/alerts/notifications/unread-count/?shop_id=3cec7da4-db75-4fc9-acd8-a6dff2d6c310 HTTP/1.1" 200 18
INFO 2026-08-31 23:42:04 log 9844 4284 "GET /api/alerts/notifications/unread-count/?shop_id=3cec7da4-db75-4fc9-acd8-a6dff2d6c310 HTTP/1.1" 200 18
INFO 2026-08-31 23:42:04 log 9844 15576 "GET /api/alerts/notifications/unread-count/?shop_id=3cec7da4-db75-4fc9-acd8-a6dff2d6c310 HTTP/1.1" 200 18
INFO 2026-08-31 23:42:32 log 9844 15576 "GET /api/alerts/notifications/unread-count/?shop_id=3cec7da4-db75-4fc9-acd8-a6dff2d6c310 HTTP/1.1" 200 18
INFO 2026-08-31 23:42:43 log 9844 14544 "GET /api/shops/ HTTP/1.1" 200 205
INFO 2026-08-31 23:42:43 log 9844 8512 "GET /api/billing/subscription/ HTTP/1.1" 200 203
INFO 2026-08-31 23:42:43 log 9844 3176 "GET /api/alerts/notifications/unread-count/?shop_id=3cec7da4-db75-4fc9-acd8-a6dff2d6c310 HTTP/1.1" 200 18
INFO 2026-08-31 23:42:43 log 9844 17940 "GET /api/sales/?shop_id=3cec7da4-db75-4fc9-acd8-a6dff2d6c310 HTTP/1.1" 200 537
INFO 2026-08-31 23:42:43 log 9844 15576 "GET /api/alerts/notifications/unread-count/?shop_id=3cec7da4-db75-4fc9-acd8-a6dff2d6c310 HTTP/1.1" 200 18
INFO 2026-08-31 23:42:43 log 9844 8512 "GET /api/sales/?shop_id=3cec7da4-db75-4fc9-acd8-a6dff2d6c310 HTTP/1.1" 200 537
INFO 2026-08-31 23:42:43 log 9844 3176 "GET /api/shops/ HTTP/1.1" 200 205
INFO 2026-08-31 23:42:43 log 9844 17940 "GET /api/billing/subscription/ HTTP/1.1" 200 203
INFO 2026-08-31 23:42:43 log 9844 15576 "GET /api/alerts/notifications/unread-count/?shop_id=3cec7da4-db75-4fc9-acd8-a6dff2d6c310 HTTP/1.1" 200 18
INFO 2026-08-31 23:42:43 log 9844 8512 "GET /api/alerts/notifications/unread-count/?shop_id=3cec7da4-db75-4fc9-acd8-a6dff2d6c310 HTTP/1.1" 200 18
INFO 2026-08-31 23:42:47 log 9844 4284 "GET /api/products/?shop_id=3cec7da4-db75-4fc9-acd8-a6dff2d6c310 HTTP/1.1" 200 330
INFO 2026-08-31 23:42:47 log 9844 14544 "GET /api/products/?shop_id=3cec7da4-db75-4fc9-acd8-a6dff2d6c310 HTTP/1.1" 200 330
INFO 2026-08-31 23:43:05 log 9844 14544 "GET /api/alerts/notifications/unread-count/?shop_id=3cec7da4-db75-4fc9-acd8-a6dff2d6c310 HTTP/1.1" 200 18
INFO 2026-08-31 23:43:11 log 9844 15576 "GET /api/shops/ HTTP/1.1" 200 205
INFO 2026-08-31 23:43:11 log 9844 17940 "GET /api/billing/subscription/ HTTP/1.1" 200 203
INFO 2026-08-31 23:43:11 log 9844 8512 "GET /api/sales/?shop_id=3cec7da4-db75-4fc9-acd8-a6dff2d6c310 HTTP/1.1" 200 537
INFO 2026-08-31 23:43:11 log 9844 14544 "GET /api/alerts/notifications/unread-count/?shop_id=3cec7da4-db75-4fc9-acd8-a6dff2d6c310 HTTP/1.1" 200 18
INFO 2026-08-31 23:43:11 log 9844 3176 "GET /api/alerts/notifications/unread-count/?shop_id=3cec7da4-db75-4fc9-acd8-a6dff2d6c310 HTTP/1.1" 200 18
INFO 2026-08-31 23:43:11 log 9844 17940 "GET /api/sales/?shop_id=3cec7da4-db75-4fc9-acd8-a6dff2d6c310 HTTP/1.1" 200 537
INFO 2026-08-31 23:43:11 log 9844 8512 "GET /api/shops/ HTTP/1.1" 200 205
INFO 2026-08-31 23:43:11 log 9844 3176 "GET /api/billing/subscription/ HTTP/1.1" 200 203
INFO 2026-08-31 23:43:11 log 9844 14544 "GET /api/alerts/notifications/unread-count/?shop_id=3cec7da4-db75-4fc9-acd8-a6dff2d6c310 HTTP/1.1" 200 18
INFO 2026-08-31 23:43:11 log 9844 17940 "GET /api/alerts/notifications/unread-count/?shop_id=3cec7da4-db75-4fc9-acd8-a6dff2d6c310 HTTP/1.1" 200 18
INFO 2026-08-31 23:43:15 log 9844 4284 "GET /api/products/?shop_id=3cec7da4-db75-4fc9-acd8-a6dff2d6c310 HTTP/1.1" 200 330
INFO 2026-08-31 23:43:15 log 9844 15576 "GET /api/products/?shop_id=3cec7da4-db75-4fc9-acd8-a6dff2d6c310 HTTP/1.1" 200 330
INFO 2026-08-31 23:43:19 log 9844 15576 "GET /api/alerts/notifications/unread-count/?shop_id=3cec7da4-db75-4fc9-acd8-a6dff2d6c310 HTTP/1.1" 200 18
INFO 2026-08-31 23:44:12 log 9844 15576 "GET /api/alerts/notifications/unread-count/?shop_id=3cec7da4-db75-4fc9-acd8-a6dff2d6c310 HTTP/1.1" 200 18
INFO 2026-08-31 23:44:12 log 9844 4284 "GET /api/alerts/notifications/unread-count/?shop_id=3cec7da4-db75-4fc9-acd8-a6dff2d6c310 HTTP/1.1" 200 18
INFO 2026-08-31 23:45:08 log 9844 4284 "GET /api/alerts/notifications/unread-count/?shop_id=3cec7da4-db75-4fc9-acd8-a6dff2d6c310 HTTP/1.1" 200 18
INFO 2026-08-31 23:45:11 log 9844 3176 "GET /api/billing/subscription/ HTTP/1.1" 200 203
INFO 2026-08-31 23:45:11 log 9844 14544 "GET /api/shops/ HTTP/1.1" 200 205
INFO 2026-08-31 23:45:11 log 9844 4284 "GET /api/alerts/notifications/unread-count/?shop_id=3cec7da4-db75-4fc9-acd8-a6dff2d6c310 HTTP/1.1" 200 18
INFO 2026-08-31 23:45:11 log 9844 8512 "GET /api/alerts/notifications/unread-count/?shop_id=3cec7da4-db75-4fc9-acd8-a6dff2d6c310 HTTP/1.1" 200 18
INFO 2026-08-31 23:45:12 log 9844 8512 "GET /api/billing/subscription/ HTTP/1.1" 200 203
INFO 2026-08-31 23:45:12 log 9844 4284 "GET /api/shops/ HTTP/1.1" 200 205
INFO 2026-08-31 23:45:12 log 9844 14544 "GET /api/sales/?shop_id=3cec7da4-db75-4fc9-acd8-a6dff2d6c310 HTTP/1.1" 200 537
INFO 2026-08-31 23:45:12 log 9844 17940 "GET /api/sales/?shop_id=3cec7da4-db75-4fc9-acd8-a6dff2d6c310 HTTP/1.1" 200 537
INFO 2026-08-31 23:45:12 log 9844 8512 "GET /api/alerts/notifications/unread-count/?shop_id=3cec7da4-db75-4fc9-acd8-a6dff2d6c310 HTTP/1.1" 200 18
INFO 2026-08-31 23:45:12 log 9844 4284 "GET /api/alerts/notifications/unread-count/?shop_id=3cec7da4-db75-4fc9-acd8-a6dff2d6c310 HTTP/1.1" 200 18
INFO 2026-08-31 23:45:16 log 9844 15576 "GET /api/products/?shop_id=3cec7da4-db75-4fc9-acd8-a6dff2d6c310 HTTP/1.1" 200 330
INFO 2026-08-31 23:45:16 log 9844 3176 "GET /api/products/?shop_id=3cec7da4-db75-4fc9-acd8-a6dff2d6c310 HTTP/1.1" 200 330
INFO 2026-08-31 23:46:12 log 9844 3176 "GET /api/alerts/notifications/unread-count/?shop_id=3cec7da4-db75-4fc9-acd8-a6dff2d6c310 HTTP/1.1" 200 18
INFO 2026-08-31 23:46:12 log 9844 15576 "GET /api/alerts/notifications/unread-count/?shop_id=3cec7da4-db75-4fc9-acd8-a6dff2d6c310 HTTP/1.1" 200 18
INFO 2026-08-31 23:47:12 log 9844 15576 "GET /api/alerts/notifications/unread-count/?shop_id=3cec7da4-db75-4fc9-acd8-a6dff2d6c310 HTTP/1.1" 200 18
INFO 2026-08-31 23:47:12 log 9844 3176 "GET /api/alerts/notifications/unread-count/?shop_id=3cec7da4-db75-4fc9-acd8-a6dff2d6c310 HTTP/1.1" 200 18
INFO 2026-08-31 23:47:20 log 9844 3176 "GET /api/alerts/notifications/unread-count/?shop_id=3cec7da4-db75-4fc9-acd8-a6dff2d6c310 HTTP/1.1" 200 18
INFO 2026-08-31 23:47:29 log 9844 3176 "GET /api/alerts/notifications/unread-count/?shop_id=3cec7da4-db75-4fc9-acd8-a6dff2d6c310 HTTP/1.1" 200 18
INFO 2026-08-31 23:48:00 log 9844 3176 "GET /api/alerts/notifications/unread-count/?shop_id=3cec7da4-db75-4fc9-acd8-a6dff2d6c310 HTTP/1.1" 200 18
INFO 2026-08-31 23:48:12 log 9844 3176 "GET /api/alerts/notifications/unread-count/?shop_id=3cec7da4-db75-4fc9-acd8-a6dff2d6c310 HTTP/1.1" 200 18
INFO 2026-08-31 23:48:12 log 9844 15576 "GET /api/alerts/notifications/unread-count/?shop_id=3cec7da4-db75-4fc9-acd8-a6dff2d6c310 HTTP/1.1" 200 18
INFO 2026-08-31 23:48:37 log 9844 15576 "GET /api/alerts/notifications/unread-count/?shop_id=3cec7da4-db75-4fc9-acd8-a6dff2d6c310 HTTP/1.1" 200 18
INFO 2026-08-31 23:49:12 log 9844 15576 "GET /api/alerts/notifications/unread-count/?shop_id=3cec7da4-db75-4fc9-acd8-a6dff2d6c310 HTTP/1.1" 200 18
INFO 2026-08-31 23:49:12 log 9844 3176 "GET /api/alerts/notifications/unread-count/?shop_id=3cec7da4-db75-4fc9-acd8-a6dff2d6c310 HTTP/1.1" 200 18
INFO 2026-08-31 23:50:12 log 9844 3176 "GET /api/alerts/notifications/unread-count/?shop_id=3cec7da4-db75-4fc9-acd8-a6dff2d6c310 HTTP/1.1" 200 18
INFO 2026-08-31 23:50:12 log 9844 15576 "GET /api/alerts/notifications/unread-count/?shop_id=3cec7da4-db75-4fc9-acd8-a6dff2d6c310 HTTP/1.1" 200 18
WARNING 2026-08-31 23:51:12 log 9844 15576 Unauthorized: /api/alerts/notifications/unread-count/
WARNING 2026-08-31 23:51:12 log 9844 15576 "GET /api/alerts/notifications/unread-count/?shop_id=3cec7da4-db75-4fc9-acd8-a6dff2d6c310 HTTP/1.1" 401 183
WARNING 2026-08-31 23:51:12 log 9844 3176 Unauthorized: /api/alerts/notifications/unread-count/
WARNING 2026-08-31 23:51:12 log 9844 3176 "GET /api/alerts/notifications/unread-count/?shop_id=3cec7da4-db75-4fc9-acd8-a6dff2d6c310 HTTP/1.1" 401 183
INFO 2026-08-31 23:51:12 log 9844 3176 "POST /api/auth/refresh/ HTTP/1.1" 200 409
INFO 2026-08-31 23:51:12 log 9844 3176 "GET /api/alerts/notifications/unread-count/?shop_id=3cec7da4-db75-4fc9-acd8-a6dff2d6c310 HTTP/1.1" 200 18
INFO 2026-08-31 23:51:12 log 9844 15576 "GET /api/alerts/notifications/unread-count/?shop_id=3cec7da4-db75-4fc9-acd8-a6dff2d6c310 HTTP/1.1" 200 18
INFO 2026-08-31 23:51:42 log 9844 15576 "GET /api/alerts/notifications/unread-count/?shop_id=3cec7da4-db75-4fc9-acd8-a6dff2d6c310 HTTP/1.1" 200 18
INFO 2026-08-31 23:52:12 log 9844 3176 "GET /api/alerts/notifications/unread-count/?shop_id=3cec7da4-db75-4fc9-acd8-a6dff2d6c310 HTTP/1.1" 200 18
INFO 2026-08-31 23:52:12 log 9844 15576 "GET /api/alerts/notifications/unread-count/?shop_id=3cec7da4-db75-4fc9-acd8-a6dff2d6c310 HTTP/1.1" 200 18
INFO 2026-08-31 23:53:33 log 9844 3176 "GET /api/alerts/notifications/unread-count/?shop_id=3cec7da4-db75-4fc9-acd8-a6dff2d6c310 HTTP/1.1" 200 18
INFO 2026-08-31 23:53:33 log 9844 15576 "GET /api/alerts/notifications/unread-count/?shop_id=3cec7da4-db75-4fc9-acd8-a6dff2d6c310 HTTP/1.1" 200 18
INFO 2026-08-31 23:53:47 log 9844 15576 "GET /api/alerts/notifications/unread-count/?shop_id=3cec7da4-db75-4fc9-acd8-a6dff2d6c310 HTTP/1.1" 200 18
INFO 2026-08-31 23:54:06 autoreload 9844 14540 C:\Users\PC\Desktop\InventoryTrackingSystem\billing\views.py changed, reloading.
INFO 2026-08-31 23:54:14 autoreload 12632 5864 Watching for file changes with StatReloader
INFO 2026-08-31 23:55:30 log 12632 2800 "GET /api/alerts/notifications/unread-count/?shop_id=3cec7da4-db75-4fc9-acd8-a6dff2d6c310 HTTP/1.1" 200 18
INFO 2026-08-31 23:55:30 log 12632 2272 "GET /api/alerts/notifications/unread-count/?shop_id=3cec7da4-db75-4fc9-acd8-a6dff2d6c310 HTTP/1.1" 200 18
INFO 2026-08-31 23:55:30 log 12632 14636 "GET /api/alerts/notifications/unread-count/?shop_id=3cec7da4-db75-4fc9-acd8-a6dff2d6c310 HTTP/1.1" 200 18
INFO 2026-08-31 23:56:12 log 12632 14636 "GET /api/alerts/notifications/unread-count/?shop_id=3cec7da4-db75-4fc9-acd8-a6dff2d6c310 HTTP/1.1" 200 18
INFO 2026-08-31 23:56:12 log 12632 2272 "GET /api/alerts/notifications/unread-count/?shop_id=3cec7da4-db75-4fc9-acd8-a6dff2d6c310 HTTP/1.1" 200 18
INFO 2026-08-31 23:56:52 log 12632 2272 "GET /api/alerts/notifications/unread-count/?shop_id=3cec7da4-db75-4fc9-acd8-a6dff2d6c310 HTTP/1.1" 200 18
INFO 2026-08-31 23:57:12 log 12632 2272 "GET /api/alerts/notifications/unread-count/?shop_id=3cec7da4-db75-4fc9-acd8-a6dff2d6c310 HTTP/1.1" 200 18
INFO 2026-08-31 23:57:12 log 12632 14636 "GET /api/alerts/notifications/unread-count/?shop_id=3cec7da4-db75-4fc9-acd8-a6dff2d6c310 HTTP/1.1" 200 18
INFO 2026-08-31 23:58:33 log 12632 14636 "GET /api/alerts/notifications/unread-count/?shop_id=3cec7da4-db75-4fc9-acd8-a6dff2d6c310 HTTP/1.1" 200 18
INFO 2026-08-31 23:58:33 log 12632 2272 "GET /api/alerts/notifications/unread-count/?shop_id=3cec7da4-db75-4fc9-acd8-a6dff2d6c310 HTTP/1.1" 200 18
INFO 2026-08-31 23:59:06 log 12632 2272 "GET /api/alerts/notifications/unread-count/?shop_id=3cec7da4-db75-4fc9-acd8-a6dff2d6c310 HTTP/1.1" 200 18
INFO 2026-08-31 23:59:11 log 12632 2272 "GET /api/alerts/notifications/unread-count/?shop_id=3cec7da4-db75-4fc9-acd8-a6dff2d6c310 HTTP/1.1" 200 18
INFO 2026-08-31 23:59:11 log 12632 14636 "GET /api/alerts/notifications/unread-count/?shop_id=3cec7da4-db75-4fc9-acd8-a6dff2d6c310 HTTP/1.1" 200 18
INFO 2026-08-31 23:59:33 log 12632 14636 "GET /api/alerts/notifications/unread-count/?shop_id=3cec7da4-db75-4fc9-acd8-a6dff2d6c310 HTTP/1.1" 200 18
INFO 2026-09-01 00:00:06 log 12632 14636 "GET /api/alerts/notifications/unread-count/?shop_id=3cec7da4-db75-4fc9-acd8-a6dff2d6c310 HTTP/1.1" 200 18
INFO 2026-09-01 00:00:11 log 12632 2272 "GET /api/alerts/notifications/unread-count/?shop_id=3cec7da4-db75-4fc9-acd8-a6dff2d6c310 HTTP/1.1" 200 18
INFO 2026-09-01 00:00:11 log 12632 14636 "GET /api/alerts/notifications/unread-count/?shop_id=3cec7da4-db75-4fc9-acd8-a6dff2d6c310 HTTP/1.1" 200 18
INFO 2026-09-01 00:00:33 log 12632 2272 "GET /api/reports/overview/ HTTP/1.1" 200 283
INFO 2026-09-01 00:00:33 log 12632 14636 "GET /api/reports/overview/ HTTP/1.1" 200 283
INFO 2026-09-01 00:00:39 log 12632 2272 "GET /api/reports/sales/?shop_id=3cec7da4-db75-4fc9-acd8-a6dff2d6c310 HTTP/1.1" 200 37
INFO 2026-09-01 00:00:39 log 12632 11944 "GET /api/reports/sales/?shop_id=3cec7da4-db75-4fc9-acd8-a6dff2d6c310 HTTP/1.1" 200 37
INFO 2026-09-01 00:00:43 log 12632 14636 "GET /api/reports/dashboard/?shop_id=3cec7da4-db75-4fc9-acd8-a6dff2d6c310 HTTP/1.1" 200 476
INFO 2026-09-01 00:00:43 log 12632 11172 "GET /api/reports/dashboard/?shop_id=3cec7da4-db75-4fc9-acd8-a6dff2d6c310 HTTP/1.1" 200 476
INFO 2026-09-01 00:01:12 log 12632 11172 "GET /api/alerts/notifications/unread-count/?shop_id=3cec7da4-db75-4fc9-acd8-a6dff2d6c310 HTTP/1.1" 200 18
INFO 2026-09-01 00:01:12 log 12632 14636 "GET /api/alerts/notifications/unread-count/?shop_id=3cec7da4-db75-4fc9-acd8-a6dff2d6c310 HTTP/1.1" 200 18
INFO 2026-09-01 00:02:33 log 12632 14636 "GET /api/alerts/notifications/unread-count/?shop_id=3cec7da4-db75-4fc9-acd8-a6dff2d6c310 HTTP/1.1" 200 18
INFO 2026-09-01 00:02:33 log 12632 14636 "GET /api/alerts/notifications/unread-count/?shop_id=3cec7da4-db75-4fc9-acd8-a6dff2d6c310 HTTP/1.1" 200 18
INFO 2026-09-01 00:03:33 log 12632 14636 "GET /api/alerts/notifications/unread-count/?shop_id=3cec7da4-db75-4fc9-acd8-a6dff2d6c310 HTTP/1.1" 200 18
INFO 2026-09-01 00:03:33 log 12632 11172 "GET /api/alerts/notifications/unread-count/?shop_id=3cec7da4-db75-4fc9-acd8-a6dff2d6c310 HTTP/1.1" 200 18
INFO 2026-09-01 00:04:33 log 12632 11172 "GET /api/alerts/notifications/unread-count/?shop_id=3cec7da4-db75-4fc9-acd8-a6dff2d6c310 HTTP/1.1" 200 18
INFO 2026-09-01 00:04:33 log 12632 14636 "GET /api/alerts/notifications/unread-count/?shop_id=3cec7da4-db75-4fc9-acd8-a6dff2d6c310 HTTP/1.1" 200 18
INFO 2026-09-01 00:04:45 log 12632 14636 "GET /api/alerts/notifications/unread-count/?shop_id=3cec7da4-db75-4fc9-acd8-a6dff2d6c310 HTTP/1.1" 200 18
INFO 2026-09-01 00:04:54 log 12632 14636 "GET /api/alerts/notifications/unread-count/?shop_id=3cec7da4-db75-4fc9-acd8-a6dff2d6c310 HTTP/1.1" 200 18
INFO 2026-09-01 00:04:54 log 12632 11944 "GET /api/reports/sales/?shop_id=3cec7da4-db75-4fc9-acd8-a6dff2d6c310 HTTP/1.1" 200 37
INFO 2026-09-01 00:04:54 log 12632 2272 "GET /api/shops/ HTTP/1.1" 200 205
INFO 2026-09-01 00:04:54 log 12632 11944 "GET /api/reports/sales/?shop_id=3cec7da4-db75-4fc9-acd8-a6dff2d6c310 HTTP/1.1" 200 37
INFO 2026-09-01 00:04:54 log 12632 2272 "GET /api/shops/ HTTP/1.1" 200 205
INFO 2026-09-01 00:04:54 log 12632 11096 "GET /api/alerts/notifications/unread-count/?shop_id=3cec7da4-db75-4fc9-acd8-a6dff2d6c310 HTTP/1.1" 200 18
INFO 2026-09-01 00:04:54 log 12632 11944 "GET /api/alerts/notifications/unread-count/?shop_id=3cec7da4-db75-4fc9-acd8-a6dff2d6c310 HTTP/1.1" 200 18
INFO 2026-09-01 00:04:54 log 12632 2272 "GET /api/billing/subscription/ HTTP/1.1" 200 203
INFO 2026-09-01 00:04:54 log 12632 18012 "GET /api/billing/subscription/ HTTP/1.1" 200 203
INFO 2026-09-01 00:04:54 log 12632 11096 "GET /api/alerts/notifications/unread-count/?shop_id=3cec7da4-db75-4fc9-acd8-a6dff2d6c310 HTTP/1.1" 200 18
INFO 2026-09-01 00:04:58 log 12632 11172 "GET /api/reports/dashboard/?shop_id=3cec7da4-db75-4fc9-acd8-a6dff2d6c310 HTTP/1.1" 200 476
INFO 2026-09-01 00:04:58 log 12632 14636 "GET /api/reports/dashboard/?shop_id=3cec7da4-db75-4fc9-acd8-a6dff2d6c310 HTTP/1.1" 200 476
INFO 2026-09-01 00:05:55 log 12632 14636 "GET /api/alerts/notifications/unread-count/?shop_id=3cec7da4-db75-4fc9-acd8-a6dff2d6c310 HTTP/1.1" 200 18
INFO 2026-09-01 00:05:55 log 12632 11172 "GET /api/alerts/notifications/unread-count/?shop_id=3cec7da4-db75-4fc9-acd8-a6dff2d6c310 HTTP/1.1" 200 18
INFO 2026-09-01 00:06:55 log 12632 14636 "GET /api/alerts/notifications/unread-count/?shop_id=3cec7da4-db75-4fc9-acd8-a6dff2d6c310 HTTP/1.1" 200 18
INFO 2026-09-01 00:06:55 log 12632 11172 "GET /api/alerts/notifications/unread-count/?shop_id=3cec7da4-db75-4fc9-acd8-a6dff2d6c310 HTTP/1.1" 200 18
INFO 2026-09-01 00:07:29 log 12632 14636 "GET /api/alerts/notifications/unread-count/?shop_id=3cec7da4-db75-4fc9-acd8-a6dff2d6c310 HTTP/1.1" 200 18
INFO 2026-09-01 00:07:40 log 12632 14636 "GET /api/alerts/notifications/unread-count/?shop_id=3cec7da4-db75-4fc9-acd8-a6dff2d6c310 HTTP/1.1" 200 18
WARNING 2026-09-01 00:07:42 log 12632 10760 Not Found: /positions/live
WARNING 2026-09-01 00:07:42 log 12632 10760 "GET /positions/live HTTP/1.1" 404 3001
WARNING 2026-09-01 00:07:44 log 12632 10760 Not Found: /positions/live
WARNING 2026-09-01 00:07:44 log 12632 10760 "GET /positions/live HTTP/1.1" 404 3001
WARNING 2026-09-01 00:07:46 log 12632 10760 Not Found: /positions/live
WARNING 2026-09-01 00:07:46 log 12632 10760 "GET /positions/live HTTP/1.1" 404 3001
WARNING 2026-09-01 00:07:48 log 12632 10760 Not Found: /positions/live
WARNING 2026-09-01 00:07:48 log 12632 10760 "GET /positions/live HTTP/1.1" 404 3001
WARNING 2026-09-01 00:07:50 log 12632 10760 Not Found: /positions/live
WARNING 2026-09-01 00:07:50 log 12632 10760 "GET /positions/live HTTP/1.1" 404 3001
WARNING 2026-09-01 00:07:52 log 12632 10760 Not Found: /positions/live
WARNING 2026-09-01 00:07:52 log 12632 10760 "GET /positions/live HTTP/1.1" 404 3001
WARNING 2026-09-01 00:07:54 log 12632 10760 Not Found: /positions/live
WARNING 2026-09-01 00:07:54 log 12632 10760 "GET /positions/live HTTP/1.1" 404 3001
INFO 2026-09-01 00:07:54 log 12632 14636 "GET /api/alerts/notifications/unread-count/?shop_id=3cec7da4-db75-4fc9-acd8-a6dff2d6c310 HTTP/1.1" 200 18
INFO 2026-09-01 00:07:54 log 12632 11172 "GET /api/alerts/notifications/unread-count/?shop_id=3cec7da4-db75-4fc9-acd8-a6dff2d6c310 HTTP/1.1" 200 18
WARNING 2026-09-01 00:07:55 log 12632 10760 Not Found: /health
WARNING 2026-09-01 00:07:55 log 12632 8536 Not Found: /balance
WARNING 2026-09-01 00:07:55 log 12632 10760 "GET /health HTTP/1.1" 404 2977
WARNING 2026-09-01 00:07:55 log 12632 8536 "GET /balance HTTP/1.1" 404 2980
WARNING 2026-09-01 00:07:55 log 12632 10760 Not Found: /positions
WARNING 2026-09-01 00:07:55 log 12632 8536 Not Found: /trades
WARNING 2026-09-01 00:07:55 log 12632 10760 "GET /positions HTTP/1.1" 404 2986
WARNING 2026-09-01 00:07:55 log 12632 8536 "GET /trades?limit=50 HTTP/1.1" 404 2986
WARNING 2026-09-01 00:07:55 log 12632 10760 Not Found: /stats
WARNING 2026-09-01 00:07:55 log 12632 8536 Not Found: /weights
WARNING 2026-09-01 00:07:55 log 12632 10760 "GET /stats HTTP/1.1" 404 2974
WARNING 2026-09-01 00:07:55 log 12632 8536 "GET /weights HTTP/1.1" 404 2980
WARNING 2026-09-01 00:07:56 log 12632 8536 Not Found: /positions/live
WARNING 2026-09-01 00:07:56 log 12632 8536 "GET /positions/live HTTP/1.1" 404 3001
WARNING 2026-09-01 00:07:58 log 12632 8536 Not Found: /positions/live
WARNING 2026-09-01 00:07:58 log 12632 8536 "GET /positions/live HTTP/1.1" 404 3001
WARNING 2026-09-01 00:08:00 log 12632 8536 Not Found: /positions/live
WARNING 2026-09-01 00:08:00 log 12632 8536 "GET /positions/live HTTP/1.1" 404 3001
WARNING 2026-09-01 00:08:02 log 12632 8536 Not Found: /positions/live
WARNING 2026-09-01 00:08:02 log 12632 8536 "GET /positions/live HTTP/1.1" 404 3001
WARNING 2026-09-01 00:08:04 log 12632 8536 Not Found: /positions/live
WARNING 2026-09-01 00:08:04 log 12632 8536 "GET /positions/live HTTP/1.1" 404 3001
WARNING 2026-09-01 00:08:06 log 12632 8536 Not Found: /positions/live
WARNING 2026-09-01 00:08:06 log 12632 8536 "GET /positions/live HTTP/1.1" 404 3001
WARNING 2026-09-01 00:08:08 log 12632 8536 Not Found: /positions/live
WARNING 2026-09-01 00:08:08 log 12632 8536 "GET /positions/live HTTP/1.1" 404 3001
WARNING 2026-09-01 00:08:10 log 12632 8536 Not Found: /health
WARNING 2026-09-01 00:08:10 log 12632 10760 Not Found: /balance
WARNING 2026-09-01 00:08:10 log 12632 12476 Not Found: /positions
WARNING 2026-09-01 00:08:10 log 12632 940 Not Found: /trades
WARNING 2026-09-01 00:08:10 log 12632 12360 Not Found: /stats
WARNING 2026-09-01 00:08:10 log 12632 17608 Not Found: /weights
WARNING 2026-09-01 00:08:10 log 12632 8536 "GET /health HTTP/1.1" 404 2977
WARNING 2026-09-01 00:08:10 log 12632 10760 "GET /balance HTTP/1.1" 404 2980
WARNING 2026-09-01 00:08:10 log 12632 12476 "GET /positions HTTP/1.1" 404 2986
WARNING 2026-09-01 00:08:10 log 12632 940 "GET /trades?limit=50 HTTP/1.1" 404 2986
WARNING 2026-09-01 00:08:10 log 12632 12360 "GET /stats HTTP/1.1" 404 2974
WARNING 2026-09-01 00:08:10 log 12632 17608 "GET /weights HTTP/1.1" 404 2980
WARNING 2026-09-01 00:08:10 log 12632 8536 Not Found: /positions/live
WARNING 2026-09-01 00:08:10 log 12632 8536 "GET /positions/live HTTP/1.1" 404 3001
WARNING 2026-09-01 00:08:12 log 12632 8536 Not Found: /positions/live
WARNING 2026-09-01 00:08:12 log 12632 8536 "GET /positions/live HTTP/1.1" 404 3001
WARNING 2026-09-01 00:08:14 log 12632 8536 Not Found: /positions/live
WARNING 2026-09-01 00:08:14 log 12632 8536 "GET /positions/live HTTP/1.1" 404 3001
WARNING 2026-09-01 00:08:16 log 12632 8536 Not Found: /positions/live
WARNING 2026-09-01 00:08:16 log 12632 8536 "GET /positions/live HTTP/1.1" 404 3001
WARNING 2026-09-01 00:08:18 log 12632 8536 Not Found: /positions/live
WARNING 2026-09-01 00:08:18 log 12632 8536 "GET /positions/live HTTP/1.1" 404 3001
WARNING 2026-09-01 00:08:20 log 12632 8536 Not Found: /positions/live
WARNING 2026-09-01 00:08:20 log 12632 8536 "GET /positions/live HTTP/1.1" 404 3001
WARNING 2026-09-01 00:08:22 log 12632 8536 Not Found: /positions/live
WARNING 2026-09-01 00:08:22 log 12632 8536 "GET /positions/live HTTP/1.1" 404 3001
WARNING 2026-09-01 00:08:24 log 12632 8536 Not Found: /positions/live
WARNING 2026-09-01 00:08:24 log 12632 8536 "GET /positions/live HTTP/1.1" 404 3001
WARNING 2026-09-01 00:08:25 log 12632 940 Not Found: /trades
WARNING 2026-09-01 00:08:25 log 12632 8536 Not Found: /health
WARNING 2026-09-01 00:08:25 log 12632 17608 Not Found: /balance
WARNING 2026-09-01 00:08:25 log 12632 12476 Not Found: /stats
WARNING 2026-09-01 00:08:25 log 12632 12360 Not Found: /positions
WARNING 2026-09-01 00:08:25 log 12632 10760 Not Found: /weights
WARNING 2026-09-01 00:08:25 log 12632 940 "GET /trades?limit=50 HTTP/1.1" 404 2986
WARNING 2026-09-01 00:08:25 log 12632 8536 "GET /health HTTP/1.1" 404 2977
WARNING 2026-09-01 00:08:25 log 12632 17608 "GET /balance HTTP/1.1" 404 2980
WARNING 2026-09-01 00:08:25 log 12632 12476 "GET /stats HTTP/1.1" 404 2974
WARNING 2026-09-01 00:08:25 log 12632 12360 "GET /positions HTTP/1.1" 404 2986
WARNING 2026-09-01 00:08:25 log 12632 10760 "GET /weights HTTP/1.1" 404 2980
WARNING 2026-09-01 00:08:26 log 12632 10760 Not Found: /positions/live
WARNING 2026-09-01 00:08:26 log 12632 10760 "GET /positions/live HTTP/1.1" 404 3001
WARNING 2026-09-01 00:08:28 log 12632 10760 Not Found: /positions/live
WARNING 2026-09-01 00:08:28 log 12632 10760 "GET /positions/live HTTP/1.1" 404 3001
WARNING 2026-09-01 00:08:30 log 12632 10760 Not Found: /positions/live
WARNING 2026-09-01 00:08:30 log 12632 10760 "GET /positions/live HTTP/1.1" 404 3001
WARNING 2026-09-01 00:08:32 log 12632 10760 Not Found: /positions/live
WARNING 2026-09-01 00:08:32 log 12632 10760 "GET /positions/live HTTP/1.1" 404 3001
WARNING 2026-09-01 00:08:34 log 12632 10760 Not Found: /positions/live
WARNING 2026-09-01 00:08:34 log 12632 10760 "GET /positions/live HTTP/1.1" 404 3001
WARNING 2026-09-01 00:08:36 log 12632 10760 Not Found: /positions/live
WARNING 2026-09-01 00:08:36 log 12632 10760 "GET /positions/live HTTP/1.1" 404 3001
WARNING 2026-09-01 00:08:38 log 12632 10760 Not Found: /positions/live
WARNING 2026-09-01 00:08:38 log 12632 10760 "GET /positions/live HTTP/1.1" 404 3001
WARNING 2026-09-01 00:08:40 log 12632 10760 Not Found: /candles/XAUUSD/1H/300
WARNING 2026-09-01 00:08:40 log 12632 8536 Not Found: /trades
WARNING 2026-09-01 00:08:40 log 12632 12360 Not Found: /health
WARNING 2026-09-01 00:08:40 log 12632 17608 Not Found: /positions
WARNING 2026-09-01 00:08:40 log 12632 940 Not Found: /stats
WARNING 2026-09-01 00:08:40 log 12632 12476 Not Found: /balance
WARNING 2026-09-01 00:08:40 log 12632 10760 "GET /candles/XAUUSD/1H/300 HTTP/1.1" 404 3022
WARNING 2026-09-01 00:08:40 log 12632 8536 "GET /trades?limit=50 HTTP/1.1" 404 2986
WARNING 2026-09-01 00:08:40 log 12632 12360 "GET /health HTTP/1.1" 404 2977
WARNING 2026-09-01 00:08:40 log 12632 17608 "GET /positions HTTP/1.1" 404 2986
WARNING 2026-09-01 00:08:40 log 12632 940 "GET /stats HTTP/1.1" 404 2974
WARNING 2026-09-01 00:08:40 log 12632 12476 "GET /balance HTTP/1.1" 404 2980
WARNING 2026-09-01 00:08:40 log 12632 10760 Not Found: /weights
WARNING 2026-09-01 00:08:40 log 12632 10760 "GET /weights HTTP/1.1" 404 2980
WARNING 2026-09-01 00:08:55 log 12632 10760 Not Found: /health
WARNING 2026-09-01 00:08:55 log 12632 8536 Not Found: /weights
WARNING 2026-09-01 00:08:55 log 12632 940 Not Found: /positions
WARNING 2026-09-01 00:08:55 log 12632 12360 Not Found: /stats
WARNING 2026-09-01 00:08:55 log 12632 17608 Not Found: /trades
WARNING 2026-09-01 00:08:55 log 12632 12476 Not Found: /balance
WARNING 2026-09-01 00:08:55 log 12632 10760 "GET /health HTTP/1.1" 404 2977
WARNING 2026-09-01 00:08:55 log 12632 8536 "GET /weights HTTP/1.1" 404 2980
WARNING 2026-09-01 00:08:55 log 12632 940 "GET /positions HTTP/1.1" 404 2986
WARNING 2026-09-01 00:08:55 log 12632 12360 "GET /stats HTTP/1.1" 404 2974
WARNING 2026-09-01 00:08:55 log 12632 17608 "GET /trades?limit=50 HTTP/1.1" 404 2986
WARNING 2026-09-01 00:08:55 log 12632 12476 "GET /balance HTTP/1.1" 404 2980
INFO 2026-09-01 00:08:55 log 12632 14636 "GET /api/alerts/notifications/unread-count/?shop_id=3cec7da4-db75-4fc9-acd8-a6dff2d6c310 HTTP/1.1" 200 18
INFO 2026-09-01 00:08:55 log 12632 11172 "GET /api/alerts/notifications/unread-count/?shop_id=3cec7da4-db75-4fc9-acd8-a6dff2d6c310 HTTP/1.1" 200 18
INFO 2026-09-01 00:08:57 log 12632 11172 "GET /api/alerts/notifications/unread-count/?shop_id=3cec7da4-db75-4fc9-acd8-a6dff2d6c310 HTTP/1.1" 200 18
WARNING 2026-09-01 00:09:10 log 12632 17608 Not Found: /balance
WARNING 2026-09-01 00:09:10 log 12632 12476 Not Found: /health
WARNING 2026-09-01 00:09:10 log 12632 940 Not Found: /stats
WARNING 2026-09-01 00:09:10 log 12632 8536 Not Found: /trades
WARNING 2026-09-01 00:09:10 log 12632 12360 Not Found: /positions
WARNING 2026-09-01 00:09:10 log 12632 10760 Not Found: /weights
WARNING 2026-09-01 00:09:10 log 12632 940 "GET /stats HTTP/1.1" 404 2974
WARNING 2026-09-01 00:09:10 log 12632 12476 "GET /health HTTP/1.1" 404 2977
WARNING 2026-09-01 00:09:10 log 12632 17608 "GET /balance HTTP/1.1" 404 2980
WARNING 2026-09-01 00:09:10 log 12632 8536 "GET /trades?limit=50 HTTP/1.1" 404 2986
WARNING 2026-09-01 00:09:10 log 12632 12360 "GET /positions HTTP/1.1" 404 2986
WARNING 2026-09-01 00:09:10 log 12632 10760 "GET /weights HTTP/1.1" 404 2980
WARNING 2026-09-01 00:09:33 log 12632 10760 Not Found: /positions/live
WARNING 2026-09-01 00:09:33 log 12632 10760 "GET /positions/live HTTP/1.1" 404 3001
WARNING 2026-09-01 00:09:33 log 12632 12360 Not Found: /health
WARNING 2026-09-01 00:09:33 log 12632 12476 Not Found: /balance
WARNING 2026-09-01 00:09:33 log 12632 12360 "GET /health HTTP/1.1" 404 2977
WARNING 2026-09-01 00:09:33 log 12632 8536 Not Found: /positions
WARNING 2026-09-01 00:09:33 log 12632 940 Not Found: /weights
WARNING 2026-09-01 00:09:33 log 12632 17608 Not Found: /stats
WARNING 2026-09-01 00:09:33 log 12632 10760 Not Found: /trades
WARNING 2026-09-01 00:09:33 log 12632 12476 "GET /balance HTTP/1.1" 404 2980
WARNING 2026-09-01 00:09:33 log 12632 8536 "GET /positions HTTP/1.1" 404 2986
WARNING 2026-09-01 00:09:33 log 12632 940 "GET /weights HTTP/1.1" 404 2980
WARNING 2026-09-01 00:09:33 log 12632 17608 "GET /stats HTTP/1.1" 404 2974
WARNING 2026-09-01 00:09:33 log 12632 10760 "GET /trades?limit=50 HTTP/1.1" 404 2986
WARNING 2026-09-01 00:09:40 log 12632 10760 Not Found: /candles/XAUUSD/1H/300
WARNING 2026-09-01 00:09:40 log 12632 10760 "GET /candles/XAUUSD/1H/300 HTTP/1.1" 404 3022
INFO 2026-09-01 00:09:55 log 12632 14636 "GET /api/alerts/notifications/unread-count/?shop_id=3cec7da4-db75-4fc9-acd8-a6dff2d6c310 HTTP/1.1" 200 18
INFO 2026-09-01 00:09:55 log 12632 11172 "GET /api/alerts/notifications/unread-count/?shop_id=3cec7da4-db75-4fc9-acd8-a6dff2d6c310 HTTP/1.1" 200 18
WARNING 2026-09-01 00:10:33 log 12632 10016 Not Found: /positions
WARNING 2026-09-01 00:10:33 log 12632 15264 Not Found: /positions/live
WARNING 2026-09-01 00:10:33 log 12632 15892 Not Found: /health
WARNING 2026-09-01 00:10:33 log 12632 10016 "GET /positions HTTP/1.1" 404 2986
WARNING 2026-09-01 00:10:33 log 12632 10288 Not Found: /trades
WARNING 2026-09-01 00:10:33 log 12632 10348 Not Found: /stats
WARNING 2026-09-01 00:10:33 log 12632 16528 Not Found: /balance
WARNING 2026-09-01 00:10:33 log 12632 15264 "GET /positions/live HTTP/1.1" 404 3001
WARNING 2026-09-01 00:10:33 log 12632 15892 "GET /health HTTP/1.1" 404 2977
WARNING 2026-09-01 00:10:33 log 12632 10288 "GET /trades?limit=50 HTTP/1.1" 404 2986
WARNING 2026-09-01 00:10:33 log 12632 10348 "GET /stats HTTP/1.1" 404 2974
WARNING 2026-09-01 00:10:33 log 12632 16528 "GET /balance HTTP/1.1" 404 2980
WARNING 2026-09-01 00:10:33 log 12632 10016 Not Found: /weights
WARNING 2026-09-01 00:10:33 log 12632 10016 "GET /weights HTTP/1.1" 404 2980
WARNING 2026-09-01 00:10:40 log 12632 10016 Not Found: /candles/XAUUSD/1H/300
WARNING 2026-09-01 00:10:40 log 12632 10016 "GET /candles/XAUUSD/1H/300 HTTP/1.1" 404 3022
INFO 2026-09-01 00:10:55 log 12632 13284 "GET /api/alerts/notifications/unread-count/?shop_id=3cec7da4-db75-4fc9-acd8-a6dff2d6c310 HTTP/1.1" 200 18
INFO 2026-09-01 00:10:55 log 12632 1320 "GET /api/alerts/notifications/unread-count/?shop_id=3cec7da4-db75-4fc9-acd8-a6dff2d6c310 HTTP/1.1" 200 18
INFO 2026-09-01 00:11:12 log 12632 1320 "GET /api/alerts/notifications/unread-count/?shop_id=3cec7da4-db75-4fc9-acd8-a6dff2d6c310 HTTP/1.1" 200 18
INFO 2026-09-01 00:11:18 log 12632 1320 "GET /api/alerts/notifications/unread-count/?shop_id=3cec7da4-db75-4fc9-acd8-a6dff2d6c310 HTTP/1.1" 200 18
INFO 2026-09-01 00:11:18 log 12632 4636 "GET /api/billing/subscription/ HTTP/1.1" 200 203
INFO 2026-09-01 00:11:18 log 12632 12516 "GET /api/reports/sales/?shop_id=3cec7da4-db75-4fc9-acd8-a6dff2d6c310 HTTP/1.1" 200 37
INFO 2026-09-01 00:11:18 log 12632 7768 "GET /api/shops/ HTTP/1.1" 200 205
INFO 2026-09-01 00:11:18 log 12632 1320 "GET /api/billing/subscription/ HTTP/1.1" 200 203
INFO 2026-09-01 00:11:18 log 12632 4636 "GET /api/reports/sales/?shop_id=3cec7da4-db75-4fc9-acd8-a6dff2d6c310 HTTP/1.1" 200 37
INFO 2026-09-01 00:11:18 log 12632 17512 "GET /api/alerts/notifications/unread-count/?shop_id=3cec7da4-db75-4fc9-acd8-a6dff2d6c310 HTTP/1.1" 200 18
INFO 2026-09-01 00:11:18 log 12632 12516 "GET /api/shops/ HTTP/1.1" 200 205
INFO 2026-09-01 00:11:18 log 12632 4636 "GET /api/alerts/notifications/unread-count/?shop_id=3cec7da4-db75-4fc9-acd8-a6dff2d6c310 HTTP/1.1" 200 18
INFO 2026-09-01 00:11:18 log 12632 12516 "GET /api/alerts/notifications/unread-count/?shop_id=3cec7da4-db75-4fc9-acd8-a6dff2d6c310 HTTP/1.1" 200 18
INFO 2026-09-01 00:11:22 log 12632 13284 "GET /api/reports/dashboard/?shop_id=3cec7da4-db75-4fc9-acd8-a6dff2d6c310 HTTP/1.1" 200 476
INFO 2026-09-01 00:11:26 log 12632 12516 "GET /api/reports/dashboard/?shop_id=3cec7da4-db75-4fc9-acd8-a6dff2d6c310 HTTP/1.1" 200 476
WARNING 2026-09-01 00:11:33 log 12632 10016 Not Found: /positions/live
WARNING 2026-09-01 00:11:33 log 12632 10016 "GET /positions/live HTTP/1.1" 404 3001
WARNING 2026-09-01 00:11:33 log 12632 10288 Not Found: /positions
WARNING 2026-09-01 00:11:33 log 12632 16528 Not Found: /health
WARNING 2026-09-01 00:11:33 log 12632 15264 Not Found: /stats
WARNING 2026-09-01 00:11:33 log 12632 15892 Not Found: /trades
WARNING 2026-09-01 00:11:33 log 12632 10288 "GET /positions HTTP/1.1" 404 2986
WARNING 2026-09-01 00:11:33 log 12632 16528 "GET /health HTTP/1.1" 404 2977
WARNING 2026-09-01 00:11:33 log 12632 15264 "GET /stats HTTP/1.1" 404 2974
WARNING 2026-09-01 00:11:33 log 12632 10016 Not Found: /weights
WARNING 2026-09-01 00:11:33 log 12632 10348 Not Found: /balance
WARNING 2026-09-01 00:11:33 log 12632 15892 "GET /trades?limit=50 HTTP/1.1" 404 2986
WARNING 2026-09-01 00:11:33 log 12632 10016 "GET /weights HTTP/1.1" 404 2980
WARNING 2026-09-01 00:11:33 log 12632 10348 "GET /balance HTTP/1.1" 404 2980
WARNING 2026-09-01 00:11:40 log 12632 10348 Not Found: /candles/XAUUSD/1H/300
WARNING 2026-09-01 00:11:40 log 12632 10348 "GET /candles/XAUUSD/1H/300 HTTP/1.1" 404 3022
INFO 2026-09-01 00:11:56 log 12632 12516 "GET /api/alerts/notifications/unread-count/?shop_id=3cec7da4-db75-4fc9-acd8-a6dff2d6c310 HTTP/1.1" 200 18
INFO 2026-09-01 00:11:59 log 12632 12516 "GET /api/alerts/notifications/unread-count/?shop_id=3cec7da4-db75-4fc9-acd8-a6dff2d6c310 HTTP/1.1" 200 18
INFO 2026-09-01 00:12:18 log 12632 12516 "GET /api/alerts/notifications/unread-count/?shop_id=3cec7da4-db75-4fc9-acd8-a6dff2d6c310 HTTP/1.1" 200 18
INFO 2026-09-01 00:12:18 log 12632 13284 "GET /api/alerts/notifications/unread-count/?shop_id=3cec7da4-db75-4fc9-acd8-a6dff2d6c310 HTTP/1.1" 200 18
WARNING 2026-09-01 00:12:33 log 12632 10348 Not Found: /positions/live
WARNING 2026-09-01 00:12:33 log 12632 10016 Not Found: /health
WARNING 2026-09-01 00:12:33 log 12632 10016 "GET /health HTTP/1.1" 404 2977
WARNING 2026-09-01 00:12:33 log 12632 10348 "GET /positions/live HTTP/1.1" 404 3001
WARNING 2026-09-01 00:12:33 log 12632 10288 Not Found: /stats
WARNING 2026-09-01 00:12:33 log 12632 15892 Not Found: /balance
WARNING 2026-09-01 00:12:33 log 12632 16528 Not Found: /trades
WARNING 2026-09-01 00:12:33 log 12632 15264 Not Found: /positions
WARNING 2026-09-01 00:12:33 log 12632 15892 "GET /balance HTTP/1.1" 404 2980
WARNING 2026-09-01 00:12:33 log 12632 10016 Not Found: /weights
WARNING 2026-09-01 00:12:33 log 12632 10288 "GET /stats HTTP/1.1" 404 2974
WARNING 2026-09-01 00:12:33 log 12632 15264 "GET /positions HTTP/1.1" 404 2986
WARNING 2026-09-01 00:12:33 log 12632 16528 "GET /trades?limit=50 HTTP/1.1" 404 2986
WARNING 2026-09-01 00:12:33 log 12632 10016 "GET /weights HTTP/1.1" 404 2980
WARNING 2026-09-01 00:12:40 log 12632 10016 Not Found: /candles/XAUUSD/1H/300
WARNING 2026-09-01 00:12:40 log 12632 10016 "GET /candles/XAUUSD/1H/300 HTTP/1.1" 404 3022
INFO 2026-09-01 00:13:18 log 12632 13284 "GET /api/alerts/notifications/unread-count/?shop_id=3cec7da4-db75-4fc9-acd8-a6dff2d6c310 HTTP/1.1" 200 18
INFO 2026-09-01 00:13:18 log 12632 12516 "GET /api/alerts/notifications/unread-count/?shop_id=3cec7da4-db75-4fc9-acd8-a6dff2d6c310 HTTP/1.1" 200 18
INFO 2026-09-01 00:13:27 log 12632 12516 "GET /api/alerts/notifications/unread-count/?shop_id=3cec7da4-db75-4fc9-acd8-a6dff2d6c310 HTTP/1.1" 200 18
INFO 2026-09-01 00:13:32 log 12632 1320 "GET /api/billing/subscription/ HTTP/1.1" 200 203
INFO 2026-09-01 00:13:32 log 12632 17512 "GET /api/shops/ HTTP/1.1" 200 205
INFO 2026-09-01 00:13:32 log 12632 4636 "GET /api/reports/sales/?shop_id=3cec7da4-db75-4fc9-acd8-a6dff2d6c310 HTTP/1.1" 200 37
INFO 2026-09-01 00:13:32 log 12632 7768 "GET /api/alerts/notifications/unread-count/?shop_id=3cec7da4-db75-4fc9-acd8-a6dff2d6c310 HTTP/1.1" 200 18
INFO 2026-09-01 00:13:32 log 12632 12516 "GET /api/alerts/notifications/unread-count/?shop_id=3cec7da4-db75-4fc9-acd8-a6dff2d6c310 HTTP/1.1" 200 18
INFO 2026-09-01 00:13:32 log 12632 17512 "GET /api/reports/sales/?shop_id=3cec7da4-db75-4fc9-acd8-a6dff2d6c310 HTTP/1.1" 200 37
INFO 2026-09-01 00:13:32 log 12632 4636 "GET /api/shops/ HTTP/1.1" 200 205
INFO 2026-09-01 00:13:32 log 12632 7768 "GET /api/billing/subscription/ HTTP/1.1" 200 203
INFO 2026-09-01 00:13:32 log 12632 12516 "GET /api/alerts/notifications/unread-count/?shop_id=3cec7da4-db75-4fc9-acd8-a6dff2d6c310 HTTP/1.1" 200 18
INFO 2026-09-01 00:13:32 log 12632 17512 "GET /api/alerts/notifications/unread-count/?shop_id=3cec7da4-db75-4fc9-acd8-a6dff2d6c310 HTTP/1.1" 200 18
WARNING 2026-09-01 00:13:33 log 12632 10016 Not Found: /positions/live
WARNING 2026-09-01 00:13:33 log 12632 10016 "GET /positions/live HTTP/1.1" 404 3001
WARNING 2026-09-01 00:13:33 log 12632 10016 Not Found: /health
WARNING 2026-09-01 00:13:33 log 12632 10016 "GET /health HTTP/1.1" 404 2977
WARNING 2026-09-01 00:13:33 log 12632 10016 Not Found: /balance
WARNING 2026-09-01 00:13:33 log 12632 10016 "GET /balance HTTP/1.1" 404 2980
WARNING 2026-09-01 00:13:33 log 12632 10288 Not Found: /weights
WARNING 2026-09-01 00:13:33 log 12632 10016 Not Found: /positions
WARNING 2026-09-01 00:13:33 log 12632 15264 Not Found: /trades
WARNING 2026-09-01 00:13:33 log 12632 16528 Not Found: /stats
WARNING 2026-09-01 00:13:33 log 12632 10288 "GET /weights HTTP/1.1" 404 2980
WARNING 2026-09-01 00:13:33 log 12632 10016 "GET /positions HTTP/1.1" 404 2986
WARNING 2026-09-01 00:13:33 log 12632 15264 "GET /trades?limit=50 HTTP/1.1" 404 2986
WARNING 2026-09-01 00:13:33 log 12632 16528 "GET /stats HTTP/1.1" 404 2974
INFO 2026-09-01 00:13:37 log 12632 1320 "GET /api/reports/dashboard/?shop_id=3cec7da4-db75-4fc9-acd8-a6dff2d6c310 HTTP/1.1" 200 476
INFO 2026-09-01 00:13:37 log 12632 13284 "GET /api/reports/dashboard/?shop_id=3cec7da4-db75-4fc9-acd8-a6dff2d6c310 HTTP/1.1" 200 476
WARNING 2026-09-01 00:13:40 log 12632 16528 Not Found: /candles/XAUUSD/1H/300
WARNING 2026-09-01 00:13:40 log 12632 16528 "GET /candles/XAUUSD/1H/300 HTTP/1.1" 404 3022
INFO 2026-09-01 00:13:46 log 12632 13284 "GET /api/alerts/notifications/unread-count/?shop_id=3cec7da4-db75-4fc9-acd8-a6dff2d6c310 HTTP/1.1" 200 18
INFO 2026-09-01 00:13:46 log 12632 7768 "GET /api/billing/subscription/ HTTP/1.1" 200 203
INFO 2026-09-01 00:13:46 log 12632 12516 "GET /api/shops/ HTTP/1.1" 200 205
INFO 2026-09-01 00:13:46 log 12632 17512 "GET /api/reports/sales/?shop_id=3cec7da4-db75-4fc9-acd8-a6dff2d6c310 HTTP/1.1" 200 37
INFO 2026-09-01 00:13:46 log 12632 4636 "GET /api/alerts/notifications/unread-count/?shop_id=3cec7da4-db75-4fc9-acd8-a6dff2d6c310 HTTP/1.1" 200 18
INFO 2026-09-01 00:13:46 log 12632 7768 "GET /api/reports/sales/?shop_id=3cec7da4-db75-4fc9-acd8-a6dff2d6c310 HTTP/1.1" 200 37
INFO 2026-09-01 00:13:46 log 12632 12516 "GET /api/shops/ HTTP/1.1" 200 205
INFO 2026-09-01 00:13:46 log 12632 17512 "GET /api/billing/subscription/ HTTP/1.1" 200 203
INFO 2026-09-01 00:13:46 log 12632 4636 "GET /api/alerts/notifications/unread-count/?shop_id=3cec7da4-db75-4fc9-acd8-a6dff2d6c310 HTTP/1.1" 200 18
INFO 2026-09-01 00:13:46 log 12632 7768 "GET /api/alerts/notifications/unread-count/?shop_id=3cec7da4-db75-4fc9-acd8-a6dff2d6c310 HTTP/1.1" 200 18
INFO 2026-09-01 00:13:50 log 12632 1320 "GET /api/reports/dashboard/?shop_id=3cec7da4-db75-4fc9-acd8-a6dff2d6c310 HTTP/1.1" 200 476
INFO 2026-09-01 00:13:50 log 12632 13284 "GET /api/reports/dashboard/?shop_id=3cec7da4-db75-4fc9-acd8-a6dff2d6c310 HTTP/1.1" 200 476
INFO 2026-09-01 00:13:57 log 12632 13284 "GET /api/alerts/notifications/unread-count/?shop_id=3cec7da4-db75-4fc9-acd8-a6dff2d6c310 HTTP/1.1" 200 18
INFO 2026-09-01 00:13:59 log 12632 13284 "GET /api/alerts/notifications/unread-count/?shop_id=3cec7da4-db75-4fc9-acd8-a6dff2d6c310 HTTP/1.1" 200 18
INFO 2026-09-01 00:13:59 log 12632 17512 "GET /api/billing/subscription/ HTTP/1.1" 200 203
INFO 2026-09-01 00:13:59 log 12632 4636 "GET /api/shops/ HTTP/1.1" 200 205
INFO 2026-09-01 00:13:59 log 12632 12516 "GET /api/alerts/notifications/unread-count/?shop_id=3cec7da4-db75-4fc9-acd8-a6dff2d6c310 HTTP/1.1" 200 18
INFO 2026-09-01 00:13:59 log 12632 7768 "GET /api/reports/sales/?shop_id=3cec7da4-db75-4fc9-acd8-a6dff2d6c310 HTTP/1.1" 200 37
INFO 2026-09-01 00:13:59 log 12632 17512 "GET /api/shops/ HTTP/1.1" 200 205
INFO 2026-09-01 00:13:59 log 12632 12516 "GET /api/billing/subscription/ HTTP/1.1" 200 203
INFO 2026-09-01 00:13:59 log 12632 4636 "GET /api/reports/sales/?shop_id=3cec7da4-db75-4fc9-acd8-a6dff2d6c310 HTTP/1.1" 200 37
INFO 2026-09-01 00:13:59 log 12632 7768 "GET /api/alerts/notifications/unread-count/?shop_id=3cec7da4-db75-4fc9-acd8-a6dff2d6c310 HTTP/1.1" 200 18
INFO 2026-09-01 00:13:59 log 12632 17512 "GET /api/alerts/notifications/unread-count/?shop_id=3cec7da4-db75-4fc9-acd8-a6dff2d6c310 HTTP/1.1" 200 18
INFO 2026-09-01 00:14:00 log 12632 17512 "GET /api/alerts/notifications/unread-count/?shop_id=3cec7da4-db75-4fc9-acd8-a6dff2d6c310 HTTP/1.1" 200 18
INFO 2026-09-01 00:14:00 log 12632 12516 "GET /api/shops/ HTTP/1.1" 200 205
INFO 2026-09-01 00:14:00 log 12632 4636 "GET /api/reports/sales/?shop_id=3cec7da4-db75-4fc9-acd8-a6dff2d6c310 HTTP/1.1" 200 37
INFO 2026-09-01 00:14:00 log 12632 12516 "GET /api/reports/sales/?shop_id=3cec7da4-db75-4fc9-acd8-a6dff2d6c310 HTTP/1.1" 200 37
INFO 2026-09-01 00:14:00 log 12632 14212 "GET /api/billing/subscription/ HTTP/1.1" 200 203
INFO 2026-09-01 00:14:00 log 12632 4636 "GET /api/shops/ HTTP/1.1" 200 205
INFO 2026-09-01 00:14:00 log 12632 17560 "GET /api/alerts/notifications/unread-count/?shop_id=3cec7da4-db75-4fc9-acd8-a6dff2d6c310 HTTP/1.1" 200 18
INFO 2026-09-01 00:14:00 log 12632 12516 "GET /api/billing/subscription/ HTTP/1.1" 200 203
INFO 2026-09-01 00:14:00 log 12632 14212 "GET /api/alerts/notifications/unread-count/?shop_id=3cec7da4-db75-4fc9-acd8-a6dff2d6c310 HTTP/1.1" 200 18
INFO 2026-09-01 00:14:00 log 12632 4636 "GET /api/alerts/notifications/unread-count/?shop_id=3cec7da4-db75-4fc9-acd8-a6dff2d6c310 HTTP/1.1" 200 18
INFO 2026-09-01 00:14:03 basehttp 12632 1320 - Broken pipe from ('127.0.0.1', 12150)
INFO 2026-09-01 00:14:03 basehttp 12632 13284 - Broken pipe from ('127.0.0.1', 12151)
INFO 2026-09-01 00:14:04 log 12632 7768 "GET /api/reports/dashboard/?shop_id=3cec7da4-db75-4fc9-acd8-a6dff2d6c310 HTTP/1.1" 200 476
INFO 2026-09-01 00:14:04 log 12632 17512 "GET /api/reports/dashboard/?shop_id=3cec7da4-db75-4fc9-acd8-a6dff2d6c310 HTTP/1.1" 200 476
INFO 2026-09-01 00:14:11 log 12632 17512 "GET /api/alerts/notifications/unread-count/?shop_id=3cec7da4-db75-4fc9-acd8-a6dff2d6c310 HTTP/1.1" 200 18
WARNING 2026-09-01 00:14:33 log 12632 16528 Not Found: /positions/live
WARNING 2026-09-01 00:14:33 log 12632 15264 Not Found: /health
WARNING 2026-09-01 00:14:33 log 12632 10016 Not Found: /balance
WARNING 2026-09-01 00:14:33 log 12632 16528 "GET /positions/live HTTP/1.1" 404 3001
WARNING 2026-09-01 00:14:33 log 12632 10288 Not Found: /positions
WARNING 2026-09-01 00:14:33 log 12632 10348 Not Found: /stats
WARNING 2026-09-01 00:14:33 log 12632 15892 Not Found: /trades
WARNING 2026-09-01 00:14:33 log 12632 15264 "GET /health HTTP/1.1" 404 2977
WARNING 2026-09-01 00:14:33 log 12632 10016 "GET /balance HTTP/1.1" 404 2980
WARNING 2026-09-01 00:14:33 log 12632 16528 Not Found: /weights
WARNING 2026-09-01 00:14:33 log 12632 10288 "GET /positions HTTP/1.1" 404 2986
WARNING 2026-09-01 00:14:33 log 12632 10348 "GET /stats HTTP/1.1" 404 2974
WARNING 2026-09-01 00:14:33 log 12632 15892 "GET /trades?limit=50 HTTP/1.1" 404 2986
WARNING 2026-09-01 00:14:33 log 12632 16528 "GET /weights HTTP/1.1" 404 2980
INFO 2026-09-01 00:14:54 log 12632 17512 "GET /api/alerts/notifications/unread-count/?shop_id=3cec7da4-db75-4fc9-acd8-a6dff2d6c310 HTTP/1.1" 200 18
INFO 2026-09-01 00:15:00 log 12632 17512 "GET /api/alerts/notifications/unread-count/?shop_id=3cec7da4-db75-4fc9-acd8-a6dff2d6c310 HTTP/1.1" 200 18
INFO 2026-09-01 00:15:00 log 12632 17512 "GET /api/alerts/notifications/unread-count/?shop_id=3cec7da4-db75-4fc9-acd8-a6dff2d6c310 HTTP/1.1" 200 18
INFO 2026-09-01 00:15:00 log 12632 7768 "GET /api/alerts/notifications/unread-count/?shop_id=3cec7da4-db75-4fc9-acd8-a6dff2d6c310 HTTP/1.1" 200 18
WARNING 2026-09-01 00:15:08 log 12632 16528 Not Found: /positions/live
WARNING 2026-09-01 00:15:08 log 12632 10348 Not Found: /health
WARNING 2026-09-01 00:15:08 log 12632 15892 Not Found: /candles/XAUUSD/1H/300
WARNING 2026-09-01 00:15:08 log 12632 16528 "GET /positions/live HTTP/1.1" 404 3001
WARNING 2026-09-01 00:15:08 log 12632 10288 Not Found: /balance
WARNING 2026-09-01 00:15:08 log 12632 15264 Not Found: /trades
WARNING 2026-09-01 00:15:09 log 12632 10016 Not Found: /positions
WARNING 2026-09-01 00:15:09 log 12632 10348 "GET /health HTTP/1.1" 404 2977
WARNING 2026-09-01 00:15:09 log 12632 15892 "GET /candles/XAUUSD/1H/300 HTTP/1.1" 404 3022
WARNING 2026-09-01 00:15:09 log 12632 10288 "GET /balance HTTP/1.1" 404 2980
WARNING 2026-09-01 00:15:09 log 12632 10016 "GET /positions HTTP/1.1" 404 2986
WARNING 2026-09-01 00:15:09 log 12632 15264 "GET /trades?limit=50 HTTP/1.1" 404 2986
WARNING 2026-09-01 00:15:09 log 12632 16528 Not Found: /stats
WARNING 2026-09-01 00:15:09 log 12632 10348 Not Found: /weights
WARNING 2026-09-01 00:15:09 log 12632 16528 "GET /stats HTTP/1.1" 404 2974
WARNING 2026-09-01 00:15:09 log 12632 10348 "GET /weights HTTP/1.1" 404 2980
WARNING 2026-09-01 00:15:09 log 12632 16528 Not Found: /balance
WARNING 2026-09-01 00:15:09 log 12632 10348 Not Found: /health
WARNING 2026-09-01 00:15:09 log 12632 10016 Not Found: /positions
WARNING 2026-09-01 00:15:09 log 12632 15264 Not Found: /trades
WARNING 2026-09-01 00:15:09 log 12632 15892 Not Found: /weights
WARNING 2026-09-01 00:15:09 log 12632 10288 Not Found: /stats
WARNING 2026-09-01 00:15:09 log 12632 16528 "GET /balance HTTP/1.1" 404 2980
WARNING 2026-09-01 00:15:09 log 12632 10348 "GET /health HTTP/1.1" 404 2977
WARNING 2026-09-01 00:15:09 log 12632 10016 "GET /positions HTTP/1.1" 404 2986
WARNING 2026-09-01 00:15:09 log 12632 15264 "GET /trades?limit=50 HTTP/1.1" 404 2986
WARNING 2026-09-01 00:15:09 log 12632 10288 "GET /stats HTTP/1.1" 404 2974
WARNING 2026-09-01 00:15:09 log 12632 16528 Not Found: /positions/live
WARNING 2026-09-01 00:15:09 log 12632 15892 "GET /weights HTTP/1.1" 404 2980
WARNING 2026-09-01 00:15:09 log 12632 16528 "GET /positions/live HTTP/1.1" 404 3001
WARNING 2026-09-01 00:15:12 log 12632 16528 Not Found: /positions/live
WARNING 2026-09-01 00:15:12 log 12632 16528 "GET /positions/live HTTP/1.1" 404 3001
WARNING 2026-09-01 00:15:14 log 12632 16528 Not Found: /positions/live
WARNING 2026-09-01 00:15:14 log 12632 16528 "GET /positions/live HTTP/1.1" 404 3001
INFO 2026-09-01 00:15:15 log 12632 7768 "GET /api/alerts/notifications/unread-count/?shop_id=3cec7da4-db75-4fc9-acd8-a6dff2d6c310 HTTP/1.1" 200 18
INFO 2026-09-01 00:15:15 log 12632 14212 "GET /api/shops/ HTTP/1.1" 200 205
INFO 2026-09-01 00:15:15 log 12632 4636 "GET /api/reports/sales/?shop_id=3cec7da4-db75-4fc9-acd8-a6dff2d6c310 HTTP/1.1" 200 37
INFO 2026-09-01 00:15:15 log 12632 12516 "GET /api/billing/subscription/ HTTP/1.1" 200 203
INFO 2026-09-01 00:15:15 log 12632 17560 "GET /api/alerts/notifications/unread-count/?shop_id=3cec7da4-db75-4fc9-acd8-a6dff2d6c310 HTTP/1.1" 200 18
INFO 2026-09-01 00:15:15 log 12632 4636 "GET /api/billing/subscription/ HTTP/1.1" 200 203
INFO 2026-09-01 00:15:15 log 12632 14212 "GET /api/reports/sales/?shop_id=3cec7da4-db75-4fc9-acd8-a6dff2d6c310 HTTP/1.1" 200 37
INFO 2026-09-01 00:15:15 log 12632 12516 "GET /api/alerts/notifications/unread-count/?shop_id=3cec7da4-db75-4fc9-acd8-a6dff2d6c310 HTTP/1.1" 200 18
INFO 2026-09-01 00:15:15 log 12632 7768 "GET /api/shops/ HTTP/1.1" 200 205
INFO 2026-09-01 00:15:15 log 12632 14212 "GET /api/alerts/notifications/unread-count/?shop_id=3cec7da4-db75-4fc9-acd8-a6dff2d6c310 HTTP/1.1" 200 18
WARNING 2026-09-01 00:15:16 log 12632 16528 Not Found: /positions/live
WARNING 2026-09-01 00:15:16 log 12632 16528 "GET /positions/live HTTP/1.1" 404 3001
WARNING 2026-09-01 00:15:18 log 12632 16528 Not Found: /positions/live
WARNING 2026-09-01 00:15:18 log 12632 16528 "GET /positions/live HTTP/1.1" 404 3001
INFO 2026-09-01 00:15:19 log 12632 17512 "GET /api/reports/dashboard/?shop_id=3cec7da4-db75-4fc9-acd8-a6dff2d6c310 HTTP/1.1" 200 476
WARNING 2026-09-01 00:15:20 log 12632 16528 Not Found: /positions/live
WARNING 2026-09-01 00:15:20 log 12632 16528 "GET /positions/live HTTP/1.1" 404 3001
INFO 2026-09-01 00:15:20 log 12632 17512 "OPTIONS /api/auth/logout/ HTTP/1.1" 200 0
INFO 2026-09-01 00:15:20 log 12632 17512 "POST /api/auth/logout/ HTTP/1.1" 205 0
WARNING 2026-09-01 00:15:22 log 12632 16528 Not Found: /positions/live
WARNING 2026-09-01 00:15:22 log 12632 16528 "GET /positions/live HTTP/1.1" 404 3001
INFO 2026-09-01 00:15:23 log 12632 14212 "GET /api/reports/dashboard/?shop_id=3cec7da4-db75-4fc9-acd8-a6dff2d6c310 HTTP/1.1" 200 476
WARNING 2026-09-01 00:15:24 log 12632 16528 Not Found: /positions/live
WARNING 2026-09-01 00:15:24 log 12632 16528 "GET /positions/live HTTP/1.1" 404 3001
WARNING 2026-09-01 00:15:25 log 12632 16528 Not Found: /health
WARNING 2026-09-01 00:15:25 log 12632 10348 Not Found: /weights
WARNING 2026-09-01 00:15:25 log 12632 10016 Not Found: /stats
WARNING 2026-09-01 00:15:25 log 12632 10288 Not Found: /positions
WARNING 2026-09-01 00:15:25 log 12632 15892 Not Found: /balance
WARNING 2026-09-01 00:15:25 log 12632 15264 Not Found: /trades
WARNING 2026-09-01 00:15:25 log 12632 16528 "GET /health HTTP/1.1" 404 2977
WARNING 2026-09-01 00:15:25 log 12632 10348 "GET /weights HTTP/1.1" 404 2980
WARNING 2026-09-01 00:15:25 log 12632 10016 "GET /stats HTTP/1.1" 404 2974
WARNING 2026-09-01 00:15:25 log 12632 15892 "GET /balance HTTP/1.1" 404 2980
WARNING 2026-09-01 00:15:25 log 12632 10288 "GET /positions HTTP/1.1" 404 2986
WARNING 2026-09-01 00:15:25 log 12632 15264 "GET /trades?limit=50 HTTP/1.1" 404 2986
WARNING 2026-09-01 00:15:26 log 12632 15264 Not Found: /positions/live
WARNING 2026-09-01 00:15:26 log 12632 15264 "GET /positions/live HTTP/1.1" 404 3001
WARNING 2026-09-01 00:15:28 log 12632 15264 Not Found: /positions/live
WARNING 2026-09-01 00:15:28 log 12632 15264 "GET /positions/live HTTP/1.1" 404 3001
WARNING 2026-09-01 00:15:30 log 12632 15264 Not Found: /positions/live
WARNING 2026-09-01 00:15:30 log 12632 15264 "GET /positions/live HTTP/1.1" 404 3001
WARNING 2026-09-01 00:15:32 log 12632 15264 Not Found: /positions/live
WARNING 2026-09-01 00:15:32 log 12632 15264 "GET /positions/live HTTP/1.1" 404 3001
WARNING 2026-09-01 00:15:34 log 12632 15264 Not Found: /positions/live
WARNING 2026-09-01 00:15:34 log 12632 15264 "GET /positions/live HTTP/1.1" 404 3001
INFO 2026-09-01 00:15:34 log 12632 14212 "POST /api/auth/login/ HTTP/1.1" 200 1023
INFO 2026-09-01 00:15:34 log 12632 7768 "GET /api/shops/ HTTP/1.1" 200 205
INFO 2026-09-01 00:15:34 log 12632 17512 "GET /api/alerts/notifications/unread-count/ HTTP/1.1" 200 18
INFO 2026-09-01 00:15:34 log 12632 14212 "GET /api/billing/subscription/ HTTP/1.1" 200 203
INFO 2026-09-01 00:15:34 log 12632 7768 "GET /api/billing/subscription/ HTTP/1.1" 200 203
INFO 2026-09-01 00:15:34 log 12632 17512 "GET /api/alerts/notifications/unread-count/?shop_id=3cec7da4-db75-4fc9-acd8-a6dff2d6c310 HTTP/1.1" 200 18
INFO 2026-09-01 00:15:34 log 12632 17512 "GET /api/alerts/notifications/unread-count/?shop_id=3cec7da4-db75-4fc9-acd8-a6dff2d6c310 HTTP/1.1" 200 18
INFO 2026-09-01 00:15:34 log 12632 14212 "GET /api/reports/sales/?shop_id=3cec7da4-db75-4fc9-acd8-a6dff2d6c310 HTTP/1.1" 200 37
INFO 2026-09-01 00:15:34 log 12632 12516 "GET /api/alerts/notifications/unread-count/?shop_id=3cec7da4-db75-4fc9-acd8-a6dff2d6c310 HTTP/1.1" 200 18
INFO 2026-09-01 00:15:34 log 12632 17512 "GET /api/reports/sales/?shop_id=3cec7da4-db75-4fc9-acd8-a6dff2d6c310 HTTP/1.1" 200 37
WARNING 2026-09-01 00:15:36 log 12632 15264 Not Found: /positions/live
WARNING 2026-09-01 00:15:36 log 12632 15264 "GET /positions/live HTTP/1.1" 404 3001
WARNING 2026-09-01 00:15:38 log 12632 15264 Not Found: /positions/live
WARNING 2026-09-01 00:15:38 log 12632 15264 "GET /positions/live HTTP/1.1" 404 3001
INFO 2026-09-01 00:15:38 log 12632 7768 "GET /api/reports/dashboard/?shop_id=3cec7da4-db75-4fc9-acd8-a6dff2d6c310 HTTP/1.1" 200 476
WARNING 2026-09-01 00:15:40 log 12632 15264 Not Found: /candles/XAUUSD/1H/300
WARNING 2026-09-01 00:15:40 log 12632 10288 Not Found: /health
WARNING 2026-09-01 00:15:40 log 12632 15892 Not Found: /balance
WARNING 2026-09-01 00:15:40 log 12632 10348 Not Found: /stats
WARNING 2026-09-01 00:15:40 log 12632 10016 Not Found: /positions
WARNING 2026-09-01 00:15:40 log 12632 16528 Not Found: /trades
WARNING 2026-09-01 00:15:40 log 12632 15264 "GET /candles/XAUUSD/1H/300 HTTP/1.1" 404 3022
WARNING 2026-09-01 00:15:40 log 12632 15892 "GET /balance HTTP/1.1" 404 2980
WARNING 2026-09-01 00:15:40 log 12632 10288 "GET /health HTTP/1.1" 404 2977
WARNING 2026-09-01 00:15:40 log 12632 10348 "GET /stats HTTP/1.1" 404 2974
WARNING 2026-09-01 00:15:40 log 12632 10016 "GET /positions HTTP/1.1" 404 2986
WARNING 2026-09-01 00:15:40 log 12632 16528 "GET /trades?limit=50 HTTP/1.1" 404 2986
WARNING 2026-09-01 00:15:40 log 12632 15264 Not Found: /weights
WARNING 2026-09-01 00:15:40 log 12632 10288 Not Found: /positions/live
WARNING 2026-09-01 00:15:40 log 12632 15264 "GET /weights HTTP/1.1" 404 2980
WARNING 2026-09-01 00:15:40 log 12632 10288 "GET /positions/live HTTP/1.1" 404 3001
WARNING 2026-09-01 00:15:42 log 12632 10288 Not Found: /positions/live
WARNING 2026-09-01 00:15:42 log 12632 10288 "GET /positions/live HTTP/1.1" 404 3001
INFO 2026-09-01 00:15:42 log 12632 17512 "GET /api/reports/dashboard/?shop_id=3cec7da4-db75-4fc9-acd8-a6dff2d6c310 HTTP/1.1" 200 476
WARNING 2026-09-01 00:15:44 log 12632 10288 Not Found: /positions/live
WARNING 2026-09-01 00:15:44 log 12632 10288 "GET /positions/live HTTP/1.1" 404 3001
WARNING 2026-09-01 00:15:46 log 12632 10288 Not Found: /positions/live
WARNING 2026-09-01 00:15:46 log 12632 10288 "GET /positions/live HTTP/1.1" 404 3001
WARNING 2026-09-01 00:15:48 log 12632 10288 Not Found: /positions/live
WARNING 2026-09-01 00:15:48 log 12632 10288 "GET /positions/live HTTP/1.1" 404 3001
WARNING 2026-09-01 00:15:50 log 12632 10288 Not Found: /positions/live
WARNING 2026-09-01 00:15:50 log 12632 10288 "GET /positions/live HTTP/1.1" 404 3001
WARNING 2026-09-01 00:15:52 log 12632 10288 Not Found: /positions/live
WARNING 2026-09-01 00:15:52 log 12632 10288 "GET /positions/live HTTP/1.1" 404 3001
WARNING 2026-09-01 00:15:54 log 12632 10288 Not Found: /positions/live
WARNING 2026-09-01 00:15:54 log 12632 10288 "GET /positions/live HTTP/1.1" 404 3001
WARNING 2026-09-01 00:15:55 log 12632 10288 Not Found: /health
WARNING 2026-09-01 00:15:55 log 12632 15264 Not Found: /balance
WARNING 2026-09-01 00:15:55 log 12632 15892 Not Found: /weights
WARNING 2026-09-01 00:15:55 log 12632 10016 Not Found: /trades
WARNING 2026-09-01 00:15:55 log 12632 10348 Not Found: /stats
WARNING 2026-09-01 00:15:55 log 12632 15264 "GET /balance HTTP/1.1" 404 2980
WARNING 2026-09-01 00:15:55 log 12632 15892 "GET /weights HTTP/1.1" 404 2980
WARNING 2026-09-01 00:15:55 log 12632 16528 Not Found: /positions
WARNING 2026-09-01 00:15:55 log 12632 10288 "GET /health HTTP/1.1" 404 2977
WARNING 2026-09-01 00:15:55 log 12632 10016 "GET /trades?limit=50 HTTP/1.1" 404 2986
WARNING 2026-09-01 00:15:55 log 12632 10348 "GET /stats HTTP/1.1" 404 2974
WARNING 2026-09-01 00:15:55 log 12632 16528 "GET /positions HTTP/1.1" 404 2986
WARNING 2026-09-01 00:15:56 log 12632 16528 Not Found: /positions/live
WARNING 2026-09-01 00:15:56 log 12632 16528 "GET /positions/live HTTP/1.1" 404 3001
WARNING 2026-09-01 00:15:58 log 12632 16528 Not Found: /positions/live
WARNING 2026-09-01 00:15:58 log 12632 16528 "GET /positions/live HTTP/1.1" 404 3001
WARNING 2026-09-01 00:16:00 log 12632 16528 Not Found: /positions/live
WARNING 2026-09-01 00:16:00 log 12632 16528 "GET /positions/live HTTP/1.1" 404 3001
WARNING 2026-09-01 00:16:02 log 12632 16528 Not Found: /positions/live
WARNING 2026-09-01 00:16:02 log 12632 16528 "GET /positions/live HTTP/1.1" 404 3001
WARNING 2026-09-01 00:16:04 log 12632 16528 Not Found: /positions/live
WARNING 2026-09-01 00:16:04 log 12632 16528 "GET /positions/live HTTP/1.1" 404 3001
WARNING 2026-09-01 00:16:06 log 12632 16528 Not Found: /positions/live
WARNING 2026-09-01 00:16:06 log 12632 16528 "GET /positions/live HTTP/1.1" 404 3001
WARNING 2026-09-01 00:16:08 log 12632 16528 Not Found: /positions/live
WARNING 2026-09-01 00:16:08 log 12632 16528 "GET /positions/live HTTP/1.1" 404 3001
WARNING 2026-09-01 00:16:10 log 12632 16528 Not Found: /health
WARNING 2026-09-01 00:16:10 log 12632 10348 Not Found: /balance
WARNING 2026-09-01 00:16:10 log 12632 16528 "GET /health HTTP/1.1" 404 2977
WARNING 2026-09-01 00:16:10 log 12632 15892 Not Found: /stats
WARNING 2026-09-01 00:16:10 log 12632 10288 Not Found: /trades
WARNING 2026-09-01 00:16:10 log 12632 15264 Not Found: /weights
WARNING 2026-09-01 00:16:10 log 12632 10016 Not Found: /positions
WARNING 2026-09-01 00:16:10 log 12632 10348 "GET /balance HTTP/1.1" 404 2980
WARNING 2026-09-01 00:16:10 log 12632 15892 "GET /stats HTTP/1.1" 404 2974
WARNING 2026-09-01 00:16:10 log 12632 16528 Not Found: /positions/live
WARNING 2026-09-01 00:16:10 log 12632 10288 "GET /trades?limit=50 HTTP/1.1" 404 2986
WARNING 2026-09-01 00:16:10 log 12632 15264 "GET /weights HTTP/1.1" 404 2980
WARNING 2026-09-01 00:16:10 log 12632 10016 "GET /positions HTTP/1.1" 404 2986
WARNING 2026-09-01 00:16:10 log 12632 16528 "GET /positions/live HTTP/1.1" 404 3001
WARNING 2026-09-01 00:16:12 log 12632 16528 Not Found: /positions/live
WARNING 2026-09-01 00:16:12 log 12632 16528 "GET /positions/live HTTP/1.1" 404 3001
WARNING 2026-09-01 00:16:14 log 12632 16528 Not Found: /positions/live
WARNING 2026-09-01 00:16:14 log 12632 16528 "GET /positions/live HTTP/1.1" 404 3001
WARNING 2026-09-01 00:16:16 log 12632 16528 Not Found: /positions/live
WARNING 2026-09-01 00:16:16 log 12632 16528 "GET /positions/live HTTP/1.1" 404 3001
WARNING 2026-09-01 00:16:18 log 12632 16528 Not Found: /positions/live
WARNING 2026-09-01 00:16:18 log 12632 16528 "GET /positions/live HTTP/1.1" 404 3001
WARNING 2026-09-01 00:16:20 log 12632 16528 Not Found: /positions/live
WARNING 2026-09-01 00:16:20 log 12632 16528 "GET /positions/live HTTP/1.1" 404 3001
WARNING 2026-09-01 00:16:22 log 12632 16528 Not Found: /positions/live
WARNING 2026-09-01 00:16:22 log 12632 16528 "GET /positions/live HTTP/1.1" 404 3001
WARNING 2026-09-01 00:16:24 log 12632 16528 Not Found: /positions/live
WARNING 2026-09-01 00:16:24 log 12632 16528 "GET /positions/live HTTP/1.1" 404 3001
WARNING 2026-09-01 00:16:25 log 12632 16528 Not Found: /health
WARNING 2026-09-01 00:16:25 log 12632 15264 Not Found: /positions
WARNING 2026-09-01 00:16:25 log 12632 10348 Not Found: /weights
WARNING 2026-09-01 00:16:25 log 12632 15892 Not Found: /stats
WARNING 2026-09-01 00:16:25 log 12632 10016 Not Found: /balance
WARNING 2026-09-01 00:16:25 log 12632 16528 "GET /health HTTP/1.1" 404 2977
WARNING 2026-09-01 00:16:25 log 12632 10288 Not Found: /trades
WARNING 2026-09-01 00:16:25 log 12632 15264 "GET /positions HTTP/1.1" 404 2986
WARNING 2026-09-01 00:16:25 log 12632 10348 "GET /weights HTTP/1.1" 404 2980
WARNING 2026-09-01 00:16:25 log 12632 10016 "GET /balance HTTP/1.1" 404 2980
WARNING 2026-09-01 00:16:25 log 12632 15892 "GET /stats HTTP/1.1" 404 2974
WARNING 2026-09-01 00:16:25 log 12632 10288 "GET /trades?limit=50 HTTP/1.1" 404 2986
WARNING 2026-09-01 00:16:26 log 12632 10288 Not Found: /positions/live
WARNING 2026-09-01 00:16:26 log 12632 10288 "GET /positions/live HTTP/1.1" 404 3001
WARNING 2026-09-01 00:16:28 log 12632 10288 Not Found: /positions/live
WARNING 2026-09-01 00:16:28 log 12632 10288 "GET /positions/live HTTP/1.1" 404 3001
WARNING 2026-09-01 00:16:30 log 12632 10288 Not Found: /positions/live
WARNING 2026-09-01 00:16:30 log 12632 10288 "GET /positions/live HTTP/1.1" 404 3001
WARNING 2026-09-01 00:16:32 log 12632 10288 Not Found: /positions/live
WARNING 2026-09-01 00:16:32 log 12632 10288 "GET /positions/live HTTP/1.1" 404 3001
WARNING 2026-09-01 00:16:34 log 12632 10288 Not Found: /positions/live
WARNING 2026-09-01 00:16:34 log 12632 10288 "GET /positions/live HTTP/1.1" 404 3001
INFO 2026-09-01 00:16:35 log 12632 17512 "GET /api/alerts/notifications/unread-count/?shop_id=3cec7da4-db75-4fc9-acd8-a6dff2d6c310 HTTP/1.1" 200 18
INFO 2026-09-01 00:16:35 log 12632 7768 "GET /api/alerts/notifications/unread-count/?shop_id=3cec7da4-db75-4fc9-acd8-a6dff2d6c310 HTTP/1.1" 200 18
WARNING 2026-09-01 00:16:36 log 12632 10288 Not Found: /positions/live
WARNING 2026-09-01 00:16:36 log 12632 10288 "GET /positions/live HTTP/1.1" 404 3001
WARNING 2026-09-01 00:16:38 log 12632 10288 Not Found: /positions/live
WARNING 2026-09-01 00:16:38 log 12632 10288 "GET /positions/live HTTP/1.1" 404 3001
WARNING 2026-09-01 00:16:40 log 12632 10288 Not Found: /candles/XAUUSD/1H/300
WARNING 2026-09-01 00:16:40 log 12632 10348 Not Found: /positions
WARNING 2026-09-01 00:16:40 log 12632 15892 Not Found: /health
WARNING 2026-09-01 00:16:40 log 12632 10016 Not Found: /balance
WARNING 2026-09-01 00:16:40 log 12632 15264 Not Found: /trades
WARNING 2026-09-01 00:16:40 log 12632 16528 Not Found: /stats
WARNING 2026-09-01 00:16:40 log 12632 10288 "GET /candles/XAUUSD/1H/300 HTTP/1.1" 404 3022
WARNING 2026-09-01 00:16:40 log 12632 10348 "GET /positions HTTP/1.1" 404 2986
WARNING 2026-09-01 00:16:40 log 12632 15892 "GET /health HTTP/1.1" 404 2977
WARNING 2026-09-01 00:16:40 log 12632 15264 "GET /trades?limit=50 HTTP/1.1" 404 2986
WARNING 2026-09-01 00:16:40 log 12632 10016 "GET /balance HTTP/1.1" 404 2980
WARNING 2026-09-01 00:16:40 log 12632 16528 "GET /stats HTTP/1.1" 404 2974
WARNING 2026-09-01 00:16:40 log 12632 10288 Not Found: /weights
WARNING 2026-09-01 00:16:40 log 12632 10348 Not Found: /positions/live
WARNING 2026-09-01 00:16:40 log 12632 10348 "GET /positions/live HTTP/1.1" 404 3001
WARNING 2026-09-01 00:16:40 log 12632 10288 "GET /weights HTTP/1.1" 404 2980
WARNING 2026-09-01 00:16:42 log 12632 10348 Not Found: /positions/live
WARNING 2026-09-01 00:16:42 log 12632 10348 "GET /positions/live HTTP/1.1" 404 3001
WARNING 2026-09-01 00:16:44 log 12632 10348 Not Found: /positions/live
WARNING 2026-09-01 00:16:44 log 12632 10348 "GET /positions/live HTTP/1.1" 404 3001
INFO 2026-09-01 00:16:44 autoreload 12632 5864 C:\Users\PC\Desktop\InventoryTrackingSystem\config\settings.py changed, reloading.
